-- phpMyAdmin SQL Dump
-- version 4.6.5.2
-- https://www.phpmyadmin.net/
--
-- 主機: 127.0.0.1
-- 產生時間： 2017-04-23 16:53:34
-- 伺服器版本: 10.1.21-MariaDB
-- PHP 版本： 5.6.30

SET SQL_MODE = "NO_AUTO_VALUE_ON_ZERO";
SET time_zone = "+00:00";


/*!40101 SET @OLD_CHARACTER_SET_CLIENT=@@CHARACTER_SET_CLIENT */;
/*!40101 SET @OLD_CHARACTER_SET_RESULTS=@@CHARACTER_SET_RESULTS */;
/*!40101 SET @OLD_COLLATION_CONNECTION=@@COLLATION_CONNECTION */;
/*!40101 SET NAMES utf8mb4 */;

--
-- 資料庫： `frontline`
--

-- --------------------------------------------------------

--
-- 資料表結構 `activity_categories`
--

CREATE TABLE `activity_categories` (
  `sid` int(11) NOT NULL,
  `date` varchar(255) NOT NULL,
  `date_value` varchar(255) NOT NULL,
  `ground` varchar(255) NOT NULL,
  `ground_value` varchar(255) NOT NULL,
  `ground_intorduction` varchar(255) NOT NULL,
  `mode` varchar(255) NOT NULL,
  `mode2` varchar(255) DEFAULT NULL,
  `mode_value` varchar(255) NOT NULL,
  `mode_intorduction` varchar(255) NOT NULL,
  `mode_win_condition` varchar(255) DEFAULT NULL,
  `people` varchar(255) NOT NULL,
  `people_value` varchar(255) NOT NULL,
  `total_people` varchar(255) NOT NULL,
  `host` varchar(255) NOT NULL,
  `host_value` varchar(255) NOT NULL
) ENGINE=InnoDB DEFAULT CHARSET=utf8;

--
-- 資料表的匯出資料 `activity_categories`
--

INSERT INTO `activity_categories` (`sid`, `date`, `date_value`, `ground`, `ground_value`, `ground_intorduction`, `mode`, `mode2`, `mode_value`, `mode_intorduction`, `mode_win_condition`, `people`, `people_value`, `total_people`, `host`, `host_value`) VALUES
(1, '日期', '0', '地形', '0', '', '遊戲模式', '遊戲模式', '0', '', '', '人數', '0', '', '主辦單位', '0'),
(2, '即將開始', '1', '野地叢林', '1', '典型的叢林大規模會戰戰場地形。狙擊手隱匿在樹林中搜尋落單的目標，步兵在多變的樹林地捉對廝殺，繞過散落在各處的軍事殘骸，協助隊伍在地形掩護中前進。保持警戒! 墜毀的直升機裡、矮樹叢裡、岩石的背面，山丘的制高點甚至陽光乍現的草原都暗藏著等待您露出破綻的威脅。', '團隊死鬥', '團隊死鬥', '1', '將場地上的敵方團隊全部消滅，提防敵隊的醫護兵救治敵人，保護好我方的醫護兵，維持人數優勢，壓制敵人並且殲滅敵方。', '殲滅敵方團隊所有成員即獲勝，遊戲結束。\n(團隊死鬥，玩家陣亡若醫護兵未能在陣亡60秒內抵達，即無法復活，無法再次加入戰場)', '25vs25', '1', '50', '店家主辦', '1'),
(3, '新到舊', '2', '街道巷戰', '2', ' 現代戰爭的衝突往往延伸到該地人民的居住地。在平民撤離後，敵我雙方必須分秒必爭，在水泥叢林中，從每個街區、大小巷弄、每棟建築物中推進，破壞敵隊的戰線。建立堅強的防線!在建築裡居高臨下伏擊路過的敵方成員，或組織快速反應小隊從側翼突襲敵方，將對方殲滅並逐出此城鎮郊區。', '全面征服', '全面征服', '2', '雙方團隊必須搶攻各個占領點，有些占領點擁有戰略優勢，將其列為優先進功的目標。人員進入佔領區域時間達60秒後成功占領，區域內若有敵隊人員，不予計時，將敵隊掃除後開始占領，同時佔領全部區域之團隊獲勝。', '任何一方拿下所有佔領區域贏得第一回合，採取五回合制，贏得三回合團隊獲勝。\n(陣亡玩家必須回到出發基地，再次加入戰場)', '20vs20', '2', '40', '會員主辦', '2'),
(4, '舊到新', '3', '路障廣場', '3', '各國作戰單位訓練戰鬥的障礙模擬區。穿梭在各種路障中、考驗您團隊的臨場應變，提防狙擊塔上的偵察兵以及敵方小隊隨時突破戰線的可能性。以交叉火網掩護提升隊伍的壓制能力，拿下對方的狙擊塔，掌控敵隊的一舉一動，將敵方完美封鎖。', '搶奪旗幟', '搶奪旗幟', '3', '奪取敵方軍旗。玩家必須先在場地中找到敵方旗幟位置，取得敵方旗幟並帶回我方旗幟基地，得一分。搶奪旗幟者若陣亡，則旗幟掉落，須由其他隊員繼續攜帶，若掉落90秒內無人撿拾，旗幟自動由裁判歸還。', '率先搶奪旗幟，取得三分之團隊獲勝。\n(陣亡玩家必須回到出發基地，再次加入戰場)', '16vs16', '3', '32', '槍隊比賽', '3'),
(5, '', '', '建築肅清', '4', '現代戰爭中建築物內部的近距離作戰。恐怖主義蔓延、激進組織的威脅，反恐部隊針對狹窄的室內以及公共場所加強戰術訓練。隊伍在狹小的空間展開攻勢，肅清各個室內空間，掃蕩每個區域的威脅。躲在門後的埋伏，長廊的障礙物後，各種突發的戰況、任何失誤都決定了整個團隊的勝敗。', '炸彈威脅 ', '炸彈威脅 ', '4', '雙方團隊輪流擔任進攻與防守方。\n進攻方必須找到防守方的炸彈點，30秒內放置炸彈，並守住炸彈點90秒，進攻方引爆獲勝。防守方全力阻止進攻方放置炸彈，若炸彈被放置，在時限內(90秒)花費10秒拆除炸彈，防守方獲勝，若超過時限炸彈引爆，進攻方獲勝。', '炸彈威脅採取五回合制，獲勝三回合之團隊獲勝。\n進攻方必須在時限內完成炸彈安裝，超過時間判失敗，限時10分鐘。\n(炸彈威脅，玩家陣亡若醫護兵未能在陣亡60秒內抵達，即無法復活，無法再次加入戰場)', '12vs12', '4', '24', '新手專區', '4'),
(6, '', '', '', '', '', '人質營救', '人質營救', '5', '保護與營救您的重要人質，雙方團隊輪流擔任進攻與防守方。\r\n進攻方必須找出人質位置，將人質安全護送回出發基地，營救成功回合勝利。\r\n防守方全力阻止進攻方營救人質，將敵方全數團員殲滅則獲勝。', '採取五回合制，獲勝三回合之團隊獲勝。\n任何一方打中人質頭部，該團隊直接失敗。\n進攻方必須在時限內營救人質，超過時間判失敗，限時10分鐘。\n(人質營救，玩家陣亡若醫護兵未能在陣亡60秒內抵達，即無法復活，無法再次加入戰場)', '', '', '', '', '');

-- --------------------------------------------------------

--
-- 資料表結構 `activity_selected`
--

CREATE TABLE `activity_selected` (
  `sid` int(11) NOT NULL,
  `ground` varchar(255) NOT NULL,
  `parent_sid` int(11) NOT NULL,
  `people_sel` varchar(255) DEFAULT NULL,
  `people_sel_sid` int(11) DEFAULT NULL,
  `mode_sel` varchar(255) DEFAULT NULL,
  `mode_sel_sid` int(11) DEFAULT NULL
) ENGINE=InnoDB DEFAULT CHARSET=utf8;

--
-- 資料表的匯出資料 `activity_selected`
--

INSERT INTO `activity_selected` (`sid`, `ground`, `parent_sid`, `people_sel`, `people_sel_sid`, `mode_sel`, `mode_sel_sid`) VALUES
(1, '野地叢林', 0, '25vs25', 1, '團隊死鬥', 1),
(2, '街道巷戰', 0, '20vs20', 1, '全面征服', 1),
(3, '路障廣場', 0, '16vs16', 1, '搶奪旗幟', 1),
(4, '建築肅清', 0, '25vs25', 2, '團隊死鬥', 2),
(5, '', 1, '20vs20', 2, '全面征服', 2),
(6, '', 1, '16vs16', 2, '搶奪旗幟', 2),
(7, '', 1, '20vs20', 3, '團隊死鬥', 3),
(8, '', 2, '16vs16', 3, '搶奪旗幟', 3),
(9, '', 2, '20vs20', 4, '團隊死鬥', 4),
(10, '', 2, '16vs16', 4, '炸彈威脅', 4),
(11, '', 3, '12vs12', 4, '人質營救', 4);

-- --------------------------------------------------------

--
-- 資料表結構 `categories`
--

CREATE TABLE `categories` (
  `sid` int(11) NOT NULL,
  `name` varchar(255) NOT NULL,
  `parent_sid` int(11) NOT NULL
) ENGINE=InnoDB DEFAULT CHARSET=utf8;

--
-- 資料表的匯出資料 `categories`
--

INSERT INTO `categories` (`sid`, `name`, `parent_sid`) VALUES
(1, '武器系統\r\n', 0),
(2, '武器系統配件\r\n', 1),
(3, '武器系統零件\r\n', 2),
(4, '配件\r\n', 3),
(5, '服飾', 4),
(6, '套裝', 5);

-- --------------------------------------------------------

--
-- 資料表結構 `categories_chid`
--

CREATE TABLE `categories_chid` (
  `sid` int(11) NOT NULL,
  `name` varchar(255) NOT NULL,
  `prod_cate_sid` int(11) NOT NULL
) ENGINE=InnoDB DEFAULT CHARSET=utf8;

--
-- 資料表的匯出資料 `categories_chid`
--

INSERT INTO `categories_chid` (`sid`, `name`, `prod_cate_sid`) VALUES
(1, '長槍\r\n', 0),
(2, '機槍\r\n', 0),
(3, '短槍\r\n', 0),
(4, '槍管護木\r\n', 1),
(5, '握把\r\n', 1),
(6, '瞄準鏡\r\n', 1),
(7, '槍燈/彈匣\r\n', 1),
(8, '槍托/槍背帶\r\n', 1),
(9, '電動槍電池\r\n', 1),
(10, '瓦斯槍鋼瓶\n', 1),
(11, '齒輪\r\n', 2),
(12, '槍內管\r\n', 2),
(13, '槍機\r\n', 2),
(14, '頭部配件\r\n', 3),
(15, '手套\r\n', 3),
(16, '背包\r\n', 3),
(17, '臂章\r\n', 3),
(18, '槍袋\r\n', 3),
(19, '彈藥庫\r\n', 3),
(20, '上衣\r\n', 4),
(21, '戰鬥背心\r\n', 4),
(22, '長褲\r\n', 4),
(23, '護膝', 4),
(24, '鞋/靴類\r\n', 4),
(25, '俄羅斯山地師', 5),
(26, '美國海豹部隊', 5),
(27, '私人保全公司\r\n', 5),
(28, '英國陸軍', 5);

-- --------------------------------------------------------

--
-- 資料表結構 `check_form`
--

CREATE TABLE `check_form` (
  `sid` int(11) NOT NULL,
  `type` int(11) NOT NULL,
  `name` varchar(255) NOT NULL,
  `userid` varchar(255) NOT NULL,
  `email` varchar(255) NOT NULL,
  `phone` varchar(255) NOT NULL,
  `address` varchar(255) NOT NULL,
  `toname` varchar(255) NOT NULL,
  `tophone` varchar(255) NOT NULL,
  `toaddress` varchar(255) NOT NULL,
  `members_id` int(11) NOT NULL
) ENGINE=InnoDB DEFAULT CHARSET=utf8;

--
-- 資料表的匯出資料 `check_form`
--

INSERT INTO `check_form` (`sid`, `type`, `name`, `userid`, `email`, `phone`, `address`, `toname`, `tophone`, `toaddress`, `members_id`) VALUES
(1, 1, 'babaininder', 'qwe74152', '123456@123456.com', '0988777777', '媽媽嘴', 'babaininder', '0988777777', '媽媽嘴', 5),
(2, 1, 'babaininder', 'qwe74152', '123456@123456.com', '0988777777', '媽媽嘴', 'babaininder', '0988777777', '媽媽嘴', 5),
(3, 1, 'babaininder', 'qwe74152', '123456@123456.com', '0988777777', '媽媽嘴', 'babaininder', '0988777777', '媽媽嘴', 5),
(4, 1, 'babaininder', 'sfsdfdsfdsfdsf', '123456@123456.com', '0988777777', '媽媽嘴', 'babaininder', '0988777777', '媽媽嘴', 5),
(5, 1, 'babaininder', 'sfsdfdsfdsfdsf', '123456@123456.com', '0988777777', '媽媽嘴', 'babaininder', '0988777777', '媽媽嘴', 5),
(6, 1, 'babaininder', 'aaaaaaaaaaaaaaaaaa', '123456@123456.com', '0988777777', '媽媽嘴', 'babaininder', '0988777777', '媽媽嘴', 5),
(7, 1, '台北陳先生', '沒有喔', '123456@123456.com', '0988777777', '媽媽嘴', 'babaininder', '0988777777', '123456@123456.com', 5),
(8, 1, '台北陳先生', '沒有喔', '123456@123456.com', '0988777777', '媽媽嘴', 'babaininder', '0988777777', '123456@123456.com', 5),
(9, 1, 'babaininder', 'fsdfdsfsegsegseg', '123456@123456.com', '0988777777', '媽媽嘴', 'babaininder', '0988777777', '媽媽嘴', 5),
(10, 1, 'babaininder', 'fsdfdsfsegsegseg', '123456@123456.com', '0988777777', '媽媽嘴', 'babaininder', '0988777777', '媽媽嘴', 5),
(11, 1, 'babaininder', 'fsdfdsfsegsegseg', '123456@123456.com', '0988777777', '媽媽嘴', 'babaininder', '0988777777', '媽媽嘴', 5),
(12, 1, 'babaininder', 'fsdfdsfsegsegseg', '123456@123456.com', '0988777777', '媽媽嘴', 'babaininder', '0988777777', '媽媽嘴', 5),
(13, 1, 'babaininder', 'aaaaaaaaaaaaaaaaaa', '123456@123456.com', '0988777777', '媽媽嘴', 'babaininder', '0988777777', '媽媽嘴', 5),
(14, 1, 'babaininder', 'aaaaaaaaaaaaaaaaaa', '123456@123456.com', '0988777777', '媽媽嘴', 'babaininder', '0988777777', '媽媽嘴', 5),
(15, 1, 'babaininder', '45544545454545', '123456@123456.com', '0988777777', '媽媽嘴', 'babaininder', '0988777777', '媽媽嘴', 5),
(16, 1, 'babaininder', 'qqq', '123456@123456.com', '0988777777', '媽媽嘴', 'babaininder', '0988777777', '媽媽嘴', 5),
(17, 1, 'babaininder', '沒有喔', '123456@123456.com', '0988777777', '媽媽嘴', 'babaininder', '0988777777', '媽媽嘴', 5),
(18, 1, 'babaininder', '沒有喔', '123456@123456.com', '0988777777', '媽媽嘴', 'babaininder', '0988777777', '媽媽嘴', 5),
(19, 1, 'babaininder', 'aaaaaaaaaaaaaaaaaa', '123456@123456.com', '0988777777', '媽媽嘴', 'babaininder', '0988777777', '媽媽嘴', 5),
(20, 1, 'babaininder', 'qwe74152', '123456@123456.com', '0988777777', '媽媽嘴', 'babaininder', '0988777777', '媽媽嘴', 5),
(21, 1, 'babaininder', '沒有喔', '123456@123456.com', '0988777777', '媽媽嘴', 'babaininder', '0988777777', '媽媽嘴', 5),
(22, 1, 'babaininder', 'qwe74152', '123456@123456.com', '0988777777', '媽媽嘴', 'babaininder', '0988777777', '媽媽嘴', 5),
(23, 1, 'babaininder', 'sfsdfdsfdsfdsf', '123456@123456.com', '0988777777', '媽媽嘴', 'babaininder', '0988777777', '媽媽嘴', 5),
(24, 1, 'babaininder', 'sfsdfdsfdsfdsf', '123456@123456.com', '0988777777', '媽媽嘴', 'babaininder', '0988777777', '媽媽嘴', 5),
(25, 1, 'babaininder', 'gdgdfgdfgdfg', '123456@123456.com', '0988777777', '媽媽嘴', 'babaininder', '0988777777', '媽媽嘴', 5),
(26, 0, 'babaininder', 'cvbdfbdzfbdfb', '123456@123456.com', '0988777777', '媽媽嘴', 'babaininder', '0988777777', '媽媽嘴', 5),
(27, 0, 'babaininder', 'cvbdfbdzfbdfb', '123456@123456.com', '0988777777', '媽媽嘴', 'babaininder', '0988777777', '媽媽嘴', 5),
(28, 0, 'babaininder', 'dfdsfdsfdsf', '123456@123456.com', '0988777777', '媽媽嘴', 'babaininder', '0988777777', '媽媽嘴', 5),
(29, 0, 'babaininder', '沒有喔ddddd', '123456@123456.com', '0988777777', '媽媽嘴', 'babaininder', '0988777777', '媽媽嘴', 5),
(30, 0, 'sdfdsfds', 'hrthrtshshsht', '123456@123456.com', '0988777777', '媽媽嘴', 'babaininder', '0988777777', '媽媽嘴', 5),
(31, 0, 'suFKJH', '', 'liERGKJNH@gmail.com', '095462213', '', '', '', '', 2),
(32, 0, 'success', '', 'linsinging@gmail.com', '0988777666', '', '', '', '', 2),
(33, 0, 'suKNJG,L', '', 'linsinging@gmail.com', '09885432166', '', '', '', '', 2),
(34, 0, 'ss', '', 'l8@gmail.com', '08888', '', '', '', '', 2),
(35, 0, 'ppppp', '', 'pppp@gmail.com', '09pppp', '', '', '', '', 2),
(36, 0, 'jjjjj', '', 'jjjjj@gmail.com', '0jjjj', '', '', '', '', 2),
(37, 0, 'ffffff', '', 'ffffff@gmail.com', '0ffffff', '', '', '', '', 2),
(38, 0, 'hhhhhess', '', 'hhhhh@gmail.com', '0hhhhh', '', '', '', '', 2),
(39, 0, 'phototest1234', '', 'phototest1234@gmail.com', '0988111222', '', '', '', '', 4),
(40, 0, 'phototest1234', '', 'phototest1234@gmail.com', '0988111222', '', '', '', '', 4),
(41, 0, 'phototest1234', '', 'phototest1234@gmail.com', '0988111222', '', '', '', '', 4),
(42, 0, 'phototest1234', '', 'phototest1234@gmail.com', '0988111222', '', '', '', '', 4),
(43, 0, 'phototest1234', '', 'phototest1234@gmail.com', '0988111222', '', '', '', '', 4),
(44, 0, 'phototest1234', '', 'phototest1234@gmail.com', '0988111222', '', '', '', '', 4),
(45, 0, 'phototest1234', '', 'phototest1234@gmail.com', '0988111222', '', '', '', '', 4),
(46, 0, 'phototest1234', '', 'phototest1234@gmail.com', '0988111222', '', '', '', '', 4),
(47, 0, '林心韻test123', 's123456789', 'linsingingtest123@gmail.com', '098885552211111', '新北123', 'asd', 'asd', 'asd', 1),
(48, 0, '林心韻test123', 's123456789', 'linsingingtest123@gmail.com', '098885552211111', '新北123', 'ddd', 'ddd', 'ddd', 1),
(49, 0, '林心韻', 'rhftghrth', 'linsingingtest123@gmail.com', '0988412475', '新北市', '林心韻', '0988412475', '新北市', 1),
(50, 0, '林心韻', 'rthrth', 'linsingingtest123@gmail.com', '0988412475', '新北市', '林心韻', '0988412475', '新北市', 1),
(51, 0, '林心韻', 'gjghj', 'linsingingtest123@gmail.com', '0988412475', '新北市', '林心韻', '0988412475', '新北市', 1),
(52, 0, '書豪', '', 'linsinging@gmail.com', '0988777123', '', '', '', '', 2),
(53, 0, '書豪', '', 'linsinging@gmail.com', '0988777123', '', '', '', '', 2),
(54, 0, '書豪', 'tyheth', 'linsinging@gmail.com', '0988777123', 'taipei', '書豪', '0988777123', 'taipei', 2),
(55, 0, '林心韻', '', 'linsingingtest123@gmail.com', '0988412475', '', '', '', '', 1),
(56, 0, '林心韻', 's123456789', 'linsingingtest123@gmail.com', '0988412475', '新北市', '林心韻', '0988412475', '新北市', 1),
(57, 0, '林心韻', '', 'linsingingtest123@gmail.com', '0988412475', '', '', '', '', 1),
(58, 0, '林心韻', '', 'linsingingtest123@gmail.com', '0988412475', '', '', '', '', 1),
(59, 0, '林心韻', '', 'linsingingtest123@gmail.com', '0911555465', '', '', '', '', 1),
(60, 0, '林心韻', 'kljnl', 'linsingingtest123@gmail.com', '0911555465', '新北市', '林心韻', '0911555465', '新北市', 1),
(61, 0, '111', '', 'oiuoi@iuui.lkij', '0932165498', '', '', '', '', 49),
(62, 0, '111', '', 'oiuoi@iuui.lkij', '0932165498', '', '', '', '', 49),
(64, 0, '林心韻', '', 'linsingingtest123@gmail.com', '0911555465', '', '', '', '', 1),
(65, 0, '111', '', 'ttt@ttt.com', '0985555555', '', '', '', '', 52),
(66, 0, '111', 'sss', 'ttt@ttt.com', '0985555555', '111', '111', '0985555555', '111', 52);

-- --------------------------------------------------------

--
-- 資料表結構 `game`
--

CREATE TABLE `game` (
  `sid` int(11) NOT NULL,
  `team1_sid` int(11) NOT NULL,
  `team2_sid` int(11) NOT NULL,
  `team1_win` int(11) NOT NULL,
  `team1_kill` int(11) NOT NULL,
  `team2_win` int(11) NOT NULL,
  `team2_kill` int(11) NOT NULL,
  `products_sid` int(11) NOT NULL
) ENGINE=InnoDB DEFAULT CHARSET=utf8;

--
-- 資料表的匯出資料 `game`
--

INSERT INTO `game` (`sid`, `team1_sid`, `team2_sid`, `team1_win`, `team1_kill`, `team2_win`, `team2_kill`, `products_sid`) VALUES
(1, 1, 10, 3, 12, 1, 8, 68),
(2, 5, 6, 2, 5, 2, 7, 69),
(3, 2, 8, 1, 4, 3, 7, 78),
(4, 3, 7, 4, 10, 0, 4, 79),
(5, 4, 9, 1, 3, 3, 8, 76),
(6, 3, 8, 2, 5, 2, 7, 82);

-- --------------------------------------------------------

--
-- 資料表結構 `images`
--

CREATE TABLE `images` (
  `sid` int(11) NOT NULL,
  `image` varchar(255) NOT NULL
) ENGINE=InnoDB DEFAULT CHARSET=utf8;

-- --------------------------------------------------------

--
-- 資料表結構 `like_products`
--

CREATE TABLE `like_products` (
  `sid` int(11) NOT NULL,
  `products_sid` int(11) NOT NULL,
  `member_sid` int(11) NOT NULL,
  `like_time` date NOT NULL
) ENGINE=InnoDB DEFAULT CHARSET=utf8;

--
-- 資料表的匯出資料 `like_products`
--

INSERT INTO `like_products` (`sid`, `products_sid`, `member_sid`, `like_time`) VALUES
(50, 5, 0, '2017-04-14'),
(51, 5, 0, '2017-04-14'),
(93, 28, 0, '2017-04-18'),
(94, 71, 0, '2017-04-18'),
(95, 62, 0, '2017-04-18'),
(98, 23, 0, '2017-04-18'),
(141, 46, 0, '2017-04-19'),
(142, 46, 0, '2017-04-19'),
(180, 12, 0, '2017-04-19'),
(181, 14, 0, '2017-04-19'),
(197, 69, 0, '2017-04-19'),
(198, 67, 0, '2017-04-19'),
(203, 85, 0, '2017-04-20'),
(210, 3, 0, '2017-04-21'),
(237, 40, 0, '2017-04-21'),
(255, 1, 0, '2017-04-21'),
(284, 78, 0, '2017-04-21'),
(293, 81, 0, '2017-04-21'),
(294, 79, 0, '2017-04-21'),
(323, 96, 1, '2017-04-23'),
(327, 97, 52, '2017-04-23'),
(353, 63, 1, '2017-04-23'),
(354, 65, 1, '2017-04-23'),
(355, 76, 1, '2017-04-23'),
(356, 70, 1, '2017-04-23'),
(357, 1, 1, '2017-04-23'),
(358, 2, 1, '2017-04-23'),
(359, 3, 1, '2017-04-23');

-- --------------------------------------------------------

--
-- 資料表結構 `members`
--

CREATE TABLE `members` (
  `sid` int(11) NOT NULL,
  `image` varchar(255) DEFAULT NULL,
  `email` varchar(255) NOT NULL,
  `intorduction` varchar(255) DEFAULT NULL,
  `place` varchar(255) DEFAULT NULL,
  `password` varchar(255) NOT NULL,
  `name` varchar(255) NOT NULL,
  `gender` enum('男','女') NOT NULL,
  `phone` varchar(255) NOT NULL,
  `address` varchar(255) NOT NULL,
  `hash` varchar(255) NOT NULL,
  `activated` int(11) NOT NULL DEFAULT '0',
  `created_at` datetime NOT NULL,
  `team_sid` int(11) DEFAULT NULL,
  `join_num` int(11) DEFAULT NULL,
  `kill_num` int(11) DEFAULT NULL,
  `missoni_complete` int(11) DEFAULT NULL,
  `kda` varchar(255) DEFAULT NULL,
  `win` int(11) DEFAULT NULL,
  `lose` int(11) DEFAULT NULL,
  `die` int(11) DEFAULT NULL
) ENGINE=InnoDB DEFAULT CHARSET=utf8;

--
-- 資料表的匯出資料 `members`
--

INSERT INTO `members` (`sid`, `image`, `email`, `intorduction`, `place`, `password`, `name`, `gender`, `phone`, `address`, `hash`, `activated`, `created_at`, `team_sid`, `join_num`, `kill_num`, `missoni_complete`, `kda`, `win`, `lose`, `die`) VALUES
(1, '可以嘛.jpg', 'linsingingtest123@gmail.com', '登登登登登!雞!', '台北市', '3d4f2bf07dc1be38b20cd6e46949a1071f9d0e3d', '林心韻', '女', '0911555465', '新北市', '94a3761877fd7b3cb9aec1149b8fb81a', 0, '2017-03-25 14:43:53', 1, 15, 11, 4, '2.5', 1, 5, 1),
(2, 'account_image_blackwidow.jpg', 'linsinging@gmail.com', '登登登登登!牛!', '新北市', '3d4f2bf07dc1be38b20cd6e46949a1071f9d0e3d', '書豪', '男', '0988777123', 'taipei', '94a3761877fd7b3cb9aec1149b8fb81b', 0, '2017-03-25 15:35:25', 1, 10, 9, 2, '7.7', NULL, NULL, NULL),
(3, 'account_image_bruce.jpg', 'lin1111234@gmail.com', '雞與牛!', '苗栗縣', '3d4f2bf07dc1be38b20cd6e46949a1071f9d0e3d', 'EVA', '女', '0977666555', '台中', '94a3761877fd7b3cb9aec1149b8fb81c', 0, '2017-03-25 15:37:49', 1, 5, 8, 7, '4.9', NULL, NULL, NULL),
(4, 'account_image_brucelee.jpg', 'phototest1234@gmail.com', '槍在手，跟我走!', '日本東京都', '3d4f2bf07dc1be38b20cd6e46949a1071f9d0e3d', '凱', '男', '0965432198', '台南', '94a3761877fd7b3cb9aec1149b8fb81d', 0, '2017-03-30 14:08:30', 1, 12, 8, 9, '5', NULL, NULL, NULL),
(5, 'account_image_chloe.jpg', '123456@123456.com', '聽說鄉民都有30CM', '台中縣', '3d4f2bf07dc1be38b20cd6e46949a1071f9d0e3d', '金喜', '男', '0955444111', '南投', '94a3761877fd7b3cb9aec1149b8fb81e', 0, '2017-03-30 15:38:46', 1, 10, 8, 2, '3.8', NULL, NULL, NULL),
(6, 'account_image_donnie.jpg', 'linsinging1234@gmail.com', '安安你好!', '泰國芭達雅', '3d4f2bf07dc1be38b20cd6e46949a1071f9d0e3d', '人妖', '女', '0955555555', '金門', '94a3761877fd7b3cb9aec1149b8fb81f', 0, '2017-04-14 10:08:20', 2, 4, 2, 1, '2.2', NULL, NULL, NULL),
(25, 'account_image_killbill.jpg', '7fefw452@yahoo.com.tw', '幫我檔10秒 我來個C8763', '台北市', '3d4f2bf07dc1be38b20cd6e46949a1071f9d0e3d', '桐人', '男', '0988412475', 'SAO', '94a3761877fd7b3cb9aec1149b8fb81g', 0, '2017-03-25 14:43:53', 2, 15, 11, 4, '2.5', NULL, NULL, NULL),
(26, 'account_image_lee.jpg', 'fggjekgjeg@gmail.com', '世界之王', '新北市', '3d4f2bf07dc1be38b20cd6e46949a1071f9d0e3d', '宙斯', '男', '0988777123', '新北市', '94a3761877fd7b3cb9aec1149b8fb81h', 0, '2017-03-25 15:35:25', 2, 10, 9, 2, '7.7', NULL, NULL, NULL),
(27, 'account_image_leung.jpg', 'e25556854@gmail.com', 'I can\'t chinese', 'JAPAN', '3d4f2bf07dc1be38b20cd6e46949a1071f9d0e3', 'NASH', '女', '0977666555', '台中', '94a3761877fd7b3cb9aec1149b8fb81i', 0, '2017-03-25 15:37:49', 2, 5, 8, 7, '4.9', NULL, NULL, NULL),
(28, 'account_image_maggie.jpg', 'greege212345@gmail.com', '師爺給我翻譯翻譯', '日本東京都', '3d4f2bf07dc1be38b20cd6e46949a1071f9d0e3d', '張麻子', '男', '0965432198', '台南', '94a3761877fd7b3cb9aec1149b8fb81j', 0, '2017-03-30 14:08:30', 2, 12, 8, 9, '5', NULL, NULL, NULL),
(29, 'account_image_matt.jpg', 'dfw26efge@123456.com', '大風起兮雲飛揚！安得猛士兮走四方！麻匪，任何時候都要剿，不剿不行，你們想想，你帶著老婆，出了城，吃著火鍋還唱著歌，突然就被麻匪劫了！所以，沒有麻匪的日子，才是好日子！', '台中縣', '3d4f2bf07dc1be38b20cd6e46949a1071f9d0e3d', '馬邦德', '男', '0955444111', '麻匪山', '94a3761877fd7b3cb9aec1149b8fb81k', 0, '2017-03-30 15:38:46', 3, 10, 8, 2, '3.8', NULL, NULL, NULL),
(30, 'account_image_norris.jpg', 'gergehe123456@gmail.com', '大哥是對的!', '大陸', '3d4f2bf07dc1be38b20cd6e46949a1071f9d0e3d', '老三', '女', '0955555555', '金門', '94a3761877fd7b3cb9aec1149b8fb81l', 0, '2017-04-14 10:08:20', 3, 4, 2, 1, '2.2', NULL, NULL, NULL),
(39, 'account_image_norton.jpg', 'fefsefe125432@123456.com', '霸氣外露！找死！', '台中縣', '3d4f2bf07dc1be38b20cd6e46949a1071f9d0e3d', '黃四郎', '男', '0955444111', '南投', '94a3761877fd7b3cb9aec1149b8fb81m', 0, '2017-03-30 15:38:46', 3, 10, 8, 2, '3.8', NULL, NULL, NULL),
(40, 'account_image_pitt.jpg', 'linsinging12yyyyyyy34@gmail.com', '這哪是打我的屁股，這明明是打您的臉！', '泰國芭達雅', '3d4f2bf07dc1be38b20cd6e46949a1071f9d0e3d', '武舉人', '女', '0955555555', '金門', '94a3761877fd7b3cb9aec1149b8fb81n', 0, '2017-04-14 10:08:20', 3, 4, 2, 1, '2.2', NULL, NULL, NULL),
(41, 'account_image_pong.jpg', 'hhqq52@yahoo.com.tw', '我不怕死，怕的是愛我者不知我為何而死。', '台北市', '3d4f2bf07dc1be38b20cd6e46949a1071f9d0e3d', '顧曉夢', '女', '0988412475', 'SAO', '94a3761877fd7b3cb9aec1149b8fb81o', 0, '2017-03-25 14:43:53', 3, 15, 11, 4, '2.5', NULL, NULL, NULL),
(42, 'account_image_pulpfiction.jpg', 'fgg1324jekgjeg@gmail.com', '我知道你們的手段，那是生不如死啊！', '新北市', '3d4f2bf07dc1be38b20cd6e46949a1071f9d0e3d', '金生火', '男', '0988777123', '新北市', '94a3761877fd7b3cb9aec1149b8fb81p', 0, '2017-03-25 15:35:25', 4, 10, 9, 2, '7.7', NULL, NULL, NULL),
(43, 'account_image_reeves.jpg', 'ewqwe854@gmail.com', '我要打十個!', 'JAPAN', '3d4f2bf07dc1be38b20cd6e46949a1071f9d0e3d', '葉問', '男', '0977666555', '台中', '94a3761877fd7b3cb9aec1149b8fb81q', 0, '2017-03-25 15:37:49', 4, 5, 8, 7, '4.9', NULL, NULL, NULL),
(44, 'account_image_statham.jpg', 'greegefffff212345@gmail.com', '今日北方拳敗給了南方拳!', '日本東京都', '3d4f2bf07dc1be38b20cd6e46949a1071f9d0e3d', '金山找', '男', '0965432198', '台南', '94a3761877fd7b3cb9aec1149b8fb81r', 0, '2017-03-30 14:08:30', 4, 12, 8, 9, '5', NULL, NULL, NULL),
(45, 'account_image_theron.jpg', 'dfw2wwwwww6efge@123456.com', '沒米無所謂，最重要是能打他們!\r\n\r\n\r\n原文網址：https://read01.com/8ne6gR.html', '台中縣', '3d4f2bf07dc1be38b20cd6e46949a1071f9d0e3d', '武痴林', '男', '0955444111', '麻匪山', '94a3761877fd7b3cb9aec1149b8fb81s', 0, '2017-03-30 15:38:46', 4, 10, 8, 2, '3.8', NULL, NULL, NULL),
(46, 'account_image_walken.jpg', 'gergessshe123456@gmail.com', '黃飛鴻 霍元甲 葉問 和我 佛山四小龍', '大陸', '3d4f2bf07dc1be38b20cd6e46949a1071f9d0e3d', '周清泉', '女', '0955555555', '金門', '94a3761877fd7b3cb9aec1149b8fb81t', 0, '2017-04-14 10:08:20', 4, 4, 2, 1, '2.2', NULL, NULL, NULL),
(51, 'anita.jpg', 'mmmh481@hotmail.com', '外號「玉麒麟」，梁山泊排名第二，地位僅次於宋江。祖居大名府（今河北邯鄲），是當地家大業大的富豪。被迫加入梁山泊，與朝廷對抗。', '大安區', '3d4f2bf07dc1be38b20cd6e46949a1071f9d0e3d', '林思嘉', '女', '0963852741', '台北市仁愛路三段53號', '94a3761877fd7b3cb9aec1149b8fb801', 0, '2017-04-10 14:00:00', NULL, 8, 4, 6, '2.5', NULL, NULL, NULL),
(52, 'eve.jpg', 'mmmh482@hotmail.com', '手腳細，眼睛幼細，外貌清秀俊朗,射箭技術天下無雙，外號「小李廣」。征討完青州後將妹妹嫁與全家被殺的霹靂火秦明。', '中山區', '3d4f2bf07dc1be38b20cd6e46949a1071f9d0e3d', '林映如', '女', '0963852741', '台北市仁愛路三段53號', '94a3761877fd7b3cb9aec1149b8fb802', 0, '2017-04-11 07:00:00', NULL, 4, 9, 2, '5.7', NULL, NULL, NULL),
(53, 'Ian.jpg', 'mmmh483@hotmail.com', '祖籍金陵建康府人氏，自幼父母雙亡。上梁山前隨叔父北上販羊賣馬，不料叔父在途中病故，折了本錢，只留下石秀一人在薊州靠賣柴度日。', '內湖區', '3d4f2bf07dc1be38b20cd6e46949a1071f9d0e3d', '林哲彥', '男', '0963852741', '台北市仁愛路三段53號', '94a3761877fd7b3cb9aec1149b8fb803', 0, '2017-04-12 14:00:00', NULL, 7, 6, 9, '4.2', NULL, NULL, NULL),
(54, 'jay.jpg', 'mmmh484@hotmail.com', '凌州人氏，善火攻之術，以火械上陣，人稱「神火將軍」。 一身赤色裝束打扮（五行中，赤色為火，而黑色為水），赤色盔甲，赤銅槍，赤色的馬匹。', '中正區', '3d4f2bf07dc1be38b20cd6e46949a1071f9d0e3d', '孫毓婕', '女', '0963852741', '台北市仁愛路三段53號', '94a3761877fd7b3cb9aec1149b8fb804', 0, '2017-04-14 00:00:00', NULL, 7, 5, 3, '4.8', NULL, NULL, NULL),
(55, 'Jill.jpg', 'mmmh485@hotmail.com', '花名「托塔天王」，山東鄆城縣東溪村人，原是梁山泊之主，後在攻打曾頭市時被史文恭的箭射傷，不治而亡。', '信義區', '3d4f2bf07dc1be38b20cd6e46949a1071f9d0e3d', '詹宜嘉', '女', '0963852741', '台北市仁愛路三段53號', '94a3761877fd7b3cb9aec1149b8fb805', 0, '2017-04-15 06:00:00', NULL, 5, 6, 1, '8.6', NULL, NULL, NULL),
(56, 'lisa.jpg', 'mmmh486@hotmail.com', '關羽嫡傳子孫，綽號大刀。原為朝廷將領，後與梁山 ... 關勝是靖康之禍時候的濟南城抵抗金軍的守將，被劉豫所害。', '士林區', '3d4f2bf07dc1be38b20cd6e46949a1071f9d0e3d', '周旻萱', '女', '0963852741', '台北市仁愛路三段53號', '94a3761877fd7b3cb9aec1149b8fb806', 0, '2017-04-16 14:00:00', NULL, 5, 6, 7, '4.8', NULL, NULL, NULL),
(57, 'ming.jpg', 'mmmh487@hotmail.com', '山東濟州鄆城縣人，富戶出身，原為鄆城縣馬兵都頭，與插翅虎雷橫為都頭搭擋。身長八尺四五，面如重棗，目若朗星。', '北投區', '3d4f2bf07dc1be38b20cd6e46949a1071f9d0e3d', '梁祐銘', '男', '0963852741', '台北市仁愛路三段53號', '94a3761877fd7b3cb9aec1149b8fb8', 0, '2017-04-17 09:00:00', NULL, 6, 4, 8, '6.4', NULL, NULL, NULL),
(58, 'mumu.jpg', 'mmmh488@hotmail.com', '梁山一百單八將之一，人稱聖水將。單延珪本為凌州團練使，被關勝打敗後，被俘，因感謝其不殺之恩，投降了梁山。梁山被招安後，單廷珪跟隨宋江南征北戰。', '信義區', '3d4f2bf07dc1be38b20cd6e46949a1071f9d0e3d', '高慕涵', '男', '0963852741', '台北市仁愛路三段53號', '94a3761877fd7b3cb9aec1149b8fb808', 0, '2017-04-18 16:00:00', NULL, 6, 8, 7, '5.7', NULL, NULL, NULL),
(59, 'shen.jpg', 'mmmh489@hotmail.com', '梁山一百單八將之一，性烈如火、心重情義，力大無窮，武藝高強。姓魯，名達，原為軍官，後為義殺人，棄官逃到五台山文殊院出家，法名智深，因身上有刺花，人稱花和尚。', '中台禪寺', '3d4f2bf07dc1be38b20cd6e46949a1071f9d0e3d', '洪旭紳', '男', '0963852741', '台北市仁愛路三段53號', '94a3761877fd7b3cb9aec1149b8fb809', 0, '2017-04-19 14:00:00', NULL, 5, 4, 9, '2.4', NULL, NULL, NULL),
(60, 'shirley.jpg', 'mmmh4810@hotmail.com', '因遇赦返往東京，返京途經梁山時被奉王倫之命取「投名狀」的林沖所劫，與之交手三十餘合不分勝負，楊志被王倫一起邀上梁山，但楊志執意回東京做官，不肯落草。', '天母區', '3d4f2bf07dc1be38b20cd6e46949a1071f9d0e3d', '林郁嘉', '女', '0963852741', '台北市仁愛路三段53號', '94a3761877fd7b3cb9aec1149b8fb810', 0, '2017-04-20 18:00:00', NULL, 5, 3, 8, '4.3', NULL, NULL, NULL),
(61, 'teng.jpg', 'mmmh4811@hotmail.com', '綽號「入雲龍」，為全書法力僅次於羅真人的道士，每逢術法之戰未曾敗過。公孫勝是薊州人士，是個雲遊四方的全真教道士。', '全真道觀', '3d4f2bf07dc1be38b20cd6e46949a1071f9d0e3d', '洪旭騰', '男', '0963852741', '台北市仁愛路三段53號', '94a3761877fd7b3cb9aec1149b8fb811', 0, '2017-04-21 17:00:00', NULL, 9, 4, 7, '7.6', NULL, NULL, NULL),
(62, 'Teri.jpg', 'mmmh4812@hotmail.com', '水滸一百單八將中的一員。 山東濟州鄆城縣人，原為鐵匠出身，還做過舂米、殺牛及放高利貸等工作，最後當了薪水優渥的鄆城縣步兵都頭，個性仗義但是小氣守財。', '淡水區', '3d4f2bf07dc1be38b20cd6e46949a1071f9d0e3d', '王嬿棠', '女', '0963852741', '台北市仁愛路三段53號', '94a3761877fd7b3cb9aec1149b8fb812', 0, '2017-04-22 12:00:00', NULL, 3, 4, 5, '6.7', NULL, NULL, NULL),
(63, 'wei.jpg', 'mmmh4813@hotmail.com', '東京八十萬禁軍教頭王進的徒弟，因身上紋身有9條青龍，人稱「九紋龍」。史進和朱武+陳達=楊春聚義少華山，三山聚義時歸順梁山十八般武藝樣樣精通，最愛使三尖兩刃刀。', '南港區', '3d4f2bf07dc1be38b20cd6e46949a1071f9d0e3d', '翁韶蔚', '女', '0963852741', '台北市仁愛路三段53號', '94a3761877fd7b3cb9aec1149b8fb813', 0, '2017-04-23 18:00:00', NULL, 9, 7, 5, '6.5', NULL, NULL, NULL),
(64, 'wenching.jpg', 'mmmh4814@hotmail.com', '祖上是北宋河北開國將領呼延贊，家傳鋼鞭之法，並以其慣用兵器「雙鞭」聞名天下；有萬夫不當之勇，外號故稱雙鞭。', '高雄市', '3d4f2bf07dc1be38b20cd6e46949a1071f9d0e3d', '陳玟鈞', '女', '0963852741', '台北市仁愛路三段53號', '94a3761877fd7b3cb9aec1149b8fb814', 0, '2017-04-24 14:00:00', NULL, 7, 5, 8, '7.9', NULL, NULL, NULL),
(65, 'yougwei.jpg', 'mmmh4815@hotmail.com', '祖籍河南，因為「一身好武藝，面貌微黃」，而得綽號「病關索」。 楊雄本為牢頭兼任劊子手，專行斬首之務。一天，楊雄行刑回來，眾相識與他掛紅賀喜，遇上幾個無賴前來討便宜找碴，幸得石秀所救，兩人一見如故，石秀拜楊雄為兄並借宿楊雄家。', '公館區', '3d4f2bf07dc1be38b20cd6e46949a1071f9d0e3d', '范勻瑋', '男', '0963852741', '台北市仁愛路三段53號', '94a3761877fd7b3cb9aec1149b8fb815', 0, '2017-04-09 15:00:00', NULL, 4, 8, 5, '5.8', NULL, NULL, NULL),
(66, 'macgyver2.jpg', 'mac@hotmail.com', '朋友們都喜歡管他叫作「小馬」（Mac）；另外，在台視所製播的第1季第4集的開場中，更有對於「馬蓋先」此名稱『自行』作出了緣由交代，他聲稱自己姓馬本名已忘。是因每次將任務當中的歷程描述給上司時，卻都會反被噓說「少蓋少蓋！」，久而久之「蓋先（仙）」這諢名便不脛而走。', '鳳凰城', '3d4f2bf07dc1be38b20cd6e46949a1071f9d0e3d', '馬蓋仙', '男', '0987654321', '鳳凰城基金會茶水間', '4813d6fca51220c2accb703c0852a29b', 0, '2017-04-06 13:00:00', NULL, 5, 0, 9, '0', NULL, NULL, NULL),
(67, 'holmes1.jpg', 'drwatson@hotmail.com', '來自英國的名偵探，他精通化學、心理學、解剖學、數國語言，善使兵器與搏擊術，與搭擋華生使用演譯法解決了無數令警方束手無策的懸案。', '倫敦', '3d4f2bf07dc1be38b20cd6e46949a1071f9d0e3d', '福爾摩斯', '男', '0986545123', '貝克街221號B室', '4813d6fca51220c2accb703c0852a29c', 0, '2017-04-02 15:00:00', NULL, 7, 5, 8, '7.9', NULL, NULL, NULL),
(69, 'drwatson.jpg', 'drwats0n@hotmail.com', '曾以軍醫的身分被派往阿富汗作戰，後來因傷退役，階級上尉。華生在結婚前一直與福爾摩斯合租倫敦貝克街221號B的房子；而華生與瑪麗·摩斯坦結婚後搬離貝克街，成立私人診所開業。', '倫敦', '3d4f2bf07dc1be38b20cd6e46949a1071f9d0e3d\r\n', '約翰華生', '男', '0987456324', '貝克街221號B室', '4813d6fca51220c2accb703c0852a29d', 0, '2017-04-02 09:00:00', NULL, 7, 4, 6, '4.5', NULL, NULL, NULL),
(70, 'BryanMills.jpg', 'givemydaughterback@hotmail.com', '布萊恩是個退休情報人員，一心想做一名稱職的父親，彌補過去對女兒琴所失去的父愛，但看著琴與前妻李諾兒已與他人重新建立了美滿的家庭，讓他深深陷入了自責中。琴抵達巴黎不到一小時，就遭人綁架，布萊恩得知消息後，決定要挺身而出拯救女兒。', '巴黎', '3d4f2bf07dc1be38b20cd6e46949a1071f9d0e3e\n', '最強老爸', '男', '0965432789', '美國洛杉磯', '4813d6fca51220c2accb703c0852a29e', 0, '2017-04-06 15:00:00', NULL, 4, 40, 4, '9.8', NULL, NULL, NULL),
(71, 'diehardsanta.jpg', '', '紐約警探，無論多危險的情況和面對兇惡的敵人，麥克連都能如不死之身般倖存。每次聖誕夜都急著趕回家團圓。', '紐約', '3d4f2bf07dc1be38b20cd6e46949a1071f9d0e3e', '最強警探', '男', '0988776655', '曼哈頓中央區', '4813d6fca51220c2accb703c0852a29f', 0, '2017-04-08 09:00:00', NULL, 5, 50, 5, '9.9', NULL, NULL, NULL),
(72, 'Leonidas.jpg', '300@hotmail.com', '古代斯巴達國王，前480年，列奧尼達率300名斯巴達精兵和700名底比斯志願軍和6000名希臘各其它城邦的聯軍在溫泉關抵擋數量上遠遠超過他們的波斯軍隊。希臘軍曾堅守3天。', '溫泉關', '3d4f2bf07dc1be38b20cd6e46949a1071f9d0e3e', '最強壯士', '男', '0956321478', '斯巴達', '4813d6fca51220c2accb703c0852a29g', 0, '2017-04-09 13:00:00', NULL, 5, 20, 4, '7.7', NULL, NULL, NULL),
(73, 'hattori.jpg', 'hattori@hotmail.com', '伊賀服部家一族，德川家的伊賀組頭領。曾經率領伊賀忍者立下無數戰蹟，享有「鬼之半藏」之譽。本能寺之變發生後，護衛正在界遊覽的家康穿越伊賀，平安回到本國。', '日本', '3d4f2bf07dc1be38b20cd6e46949a1071f9d0e3e', '服部半藏', '男', '0978456321', '伊賀里', '4813d6fca51220c2accb703c0852a29h', 0, '2017-04-10 19:00:00', NULL, 12, 21, 12, '1.7', NULL, NULL, NULL),
(74, '061.jpg', 'musashi@hotmail.com', '宮本武藏，江戶時代初期的劍術家、兵法家、藝術家，為創立二天一流劍道的始祖。 關於宮本武藏的名稱，其本姓為藤原，慣常使用的宮本、新免則為其氏；幼名辨助或辨之助，名諱玄信，通稱武藏，號二天、二天道樂。', '日本', '3d4f2bf07dc1be38b20cd6e46949a1071f9d0e3e', '宮本武藏', '男', '09123654', '兵庫縣', '4813d6fca51220c2accb703c0852a29i', 0, '2017-04-11 12:00:00', NULL, 5, 6, 8, '3.4', NULL, NULL, NULL),
(75, 'f9922b6b.jpg', 'coldwar1@hotmail.com', '44歲，香港警隊史上最年輕的副處長，掌管人事及訓練處、監管處（包括資訊系統部）和財務、政務及策劃處\r\n因多從事警隊中的內勤行政部門，成功重整警隊架構和削減開支，深受保安局局長陸明華欣賞，被視為下任警務處處長大熱人選之一，但不獲警隊內鷹派支持。', '香港', '3d4f2bf07dc1be38b20cd6e46949a1071f9d0e3e', '劉傑輝', '男', '0934598745', '警務處', '4813d6fca51220c2accb703c0852a29j', 0, '2017-04-12 16:00:00', NULL, 8, 2, 7, '2.4', NULL, NULL, NULL),
(76, 'EnemyattheGatet.jpg', 'sniper@hotmail.com', '二戰時期蘇聯陸軍著名狙擊手，他在1942年史達林格勒戰役中，於11月10日至12月17日之間共擊殺225名德意志國防軍和其他軸心國的士兵與軍官（包括11名狙擊手），因此一戰成名。', '史達寧格勒', '3d4f2bf07dc1be38b20cd6e46949a1071f9d0e3e', '蘇俄狙擊手', '男', '0945698542', '俄國', '4813d6fca51220c2accb703c0852a29k', 0, '2017-04-13 13:00:00', NULL, 7, 20, 9, '4.7', NULL, NULL, NULL),
(78, 'che.jpg', 'che@hotmail.com', '出生於阿根廷。他是古巴革命的核心人物之一，社會主義古巴、古巴革命武裝力量和古巴共產黨的主要締造者及領導人，著名的國際共產主義革命家、軍事理論家、政治家、醫生、作家、游擊隊領袖。', '南美洲', '3d4f2bf07dc1be38b20cd6e46949a1071f9d0e3e', '切格瓦拉', '男', '0936251478', '阿根廷', '4813d6fca51220c2accb703c0852a29l', 0, '2017-04-14 15:00:00', NULL, 6, 9, 7, '5.8', NULL, NULL, NULL),
(79, 'VUfj3uyX.jpeg', 'hangover@hotmail.com', '道格結婚前，與三個伴郎朋友菲爾（Phil，布萊德利·古柏飾）、史都（Stu，艾德·赫姆斯飾）和艾倫（Alan，查克·葛里芬納奇飾）開車到拉斯維加斯舉辦單身派對。但三位伴郎隔天宿醉醒來，卻發現新郎不見了，而毫無頭緒的三人，得想辦法回想起誘惑·夜發生何事，且把道格找出帶回洛杉磯進行婚禮。', '拉斯維加斯', '3d4f2bf07dc1be38b20cd6e46949a1071f9d0e3e', '最厚大丈夫', '男', '0965123478', '洛杉磯', '4813d6fca51220c2accb703c0852a29m', 0, '2017-04-15 14:00:00', NULL, 4, 2, 3, '4.7', NULL, NULL, NULL),
(80, 'EBEIl2ol.jpg', 'adele@hotmail.com', '英國創作歌手及多重樂器演奏者。2006年，朋友把她的示範樣本上載到Myspace後，獲得XL唱片的合約，翌年她得到全英音樂獎的樂評人選擇獎，及BBC的「2008年度新聲」的勝出者。', '倫敦', '3d4f2bf07dc1be38b20cd6e46949a1071f9d0e3e', '最近好嗎', '女', '0932145678', '英國', '4813d6fca51220c2accb703c0852a29n', 0, '2017-04-16 13:00:00', NULL, 8, 5, 6, '7.8', NULL, NULL, NULL),
(81, 'TopGun.jpg', 'tom@hotmail.com', '海軍飛行員中尉，因為優秀的飛行技術與機緣，獲選加入美國海軍最頂尖的飛行訓練單位——美國海軍戰鬥武器學校——接受訓練。但米契爾在一次飛行任務中，因為機件故障及自己的疏失導致搭檔的雷達攔截官尼克意外喪生，而陷入低潮。', '海軍航母', '3d4f2bf07dc1be38b20cd6e46949a1071f9d0e3e', '阿湯', '男', '0948627531', '美國', '4813d6fca51220c2accb703c0852a29o', 0, '2017-04-17 16:00:00', NULL, 8, 6, 4, '5.9', NULL, NULL, NULL),
(82, 'jake.jpg', 'jake@hotmail.com', '酷狗老皮，是阿寶·莫頓最好的朋友及繼兄。他是能夠變大縮小的狗，依照「魔法狗族」，已30餘歲。他的魔法能讓他伸縮自如，從巨大到迷你的任何身體部位。他作他精力充沛的弟弟的心腹和導師，但多少有些可疑的建議。老皮在大多數情況下很悠閒，但喜歡冒險及急切戰鬥。他的力量能協助阿寶相當多數的戰鬥及運送，但有時是愉快的表現。', '探險世界', '3d4f2bf07dc1be38b20cd6e46949a1071f9d0e3e', '老皮', '男', '0964132589', '木桶鎮', '4813d6fca51220c2accb703c0852a29p', 0, '2017-04-18 16:00:00', NULL, 4, 1, 8, '2.5', NULL, NULL, NULL),
(84, 'finn.jpg', 'finn@hotmail.com', '小男孩阿寶，酷狗老皮的搭檔，剛開始為12歲，但現在已是少年。在《英雄寶典》中阿寶進行神奇的隨機任務殺死任何邪惡，不傷害無辜，甚至不傷害一個無辜的螞蟻。擁有一個強大的道德準則，阿寶發誓會幫助任何需要的人，經常進行英勇壯舉拯救每一天。', '探險世界', '3d4f2bf07dc1be38b20cd6e46949a1071f9d0e3e', '阿寶', '男', '0946281376', '木桶鎮', '4813d6fca51220c2accb703c0852a29q', 0, '2017-04-19 00:00:00', NULL, 7, 5, 3, '6.8', NULL, NULL, NULL),
(85, 'RedRanger.jpg', 'redranger@hotmail.com', '兩名太空人在月球上無意中釋放幽冥女王與她的一眾手下，宙威感知到幽冥女王的逃脫與即將到來的侵略，在天使叢林的指揮中心內要求智多星替他尋找五名少年，授與超異能後讓他們變成捍衛地球的金剛戰士。英傑、賽克、小晴、比利和珍妮等五名好友遂雀屏中選，從此在各種危機中積極抵禦侵略，召喚戰鬥恐龍擊退幽冥女王所派來的各種怪物。', '天使樹林高中', '3d4f2bf07dc1be38b20cd6e46949a1071f9d0e3e', '紅衣戰士', '男', '0963852456', '天使樹林市', '4813d6fca51220c2accb703c0852a29r', 0, '2017-04-20 14:00:00', NULL, 6, 4, 8, '8.9', NULL, NULL, NULL),
(86, 'BlackRanger.jpg', 'blackranger@hotmail.com', '兩名太空人在月球上無意中釋放幽冥女王與她的一眾手下，宙威感知到幽冥女王的逃脫與即將到來的侵略，在天使叢林的指揮中心內要求智多星替他尋找五名少年，授與超異能後讓他們變成捍衛地球的金剛戰士。英傑、賽克、小晴、比利和珍妮等五名好友遂雀屏中選，從此在各種危機中積極抵禦侵略，召喚戰鬥恐龍擊退幽冥女王所派來的各種怪物。', '天使樹林高中', '3d4f2bf07dc1be38b20cd6e46949a1071f9d0e3e', '黑衣戰士', '男', '0987852147', '天使樹林市', '4813d6fca51220c2accb703c0852a29s', 0, '2017-04-21 10:00:00', NULL, 4, 6, 5, '5.4', NULL, NULL, NULL),
(87, 'BlueRanger.jpg', 'blueranger@hotmail.com', '兩名太空人在月球上無意中釋放幽冥女王與她的一眾手下，宙威感知到幽冥女王的逃脫與即將到來的侵略，在天使叢林的指揮中心內要求智多星替他尋找五名少年，授與超異能後讓他們變成捍衛地球的金剛戰士。英傑、賽克、小晴、比利和珍妮等五名好友遂雀屏中選，從此在各種危機中積極抵禦侵略，召喚戰鬥恐龍擊退幽冥女王所派來的各種怪物。', '天使樹林高中', '3d4f2bf07dc1be38b20cd6e46949a1071f9d0e3e', '藍衣戰士', '男', '0974132465', '天使樹林市', '4813d6fca51220c2accb703c0852a29t', 0, '2017-04-22 00:00:00', NULL, 4, 6, 3, '4.6', NULL, NULL, NULL),
(88, 'YellowRanger.jpg', 'yellowranger@hotmail.com', '兩名太空人在月球上無意中釋放幽冥女王與她的一眾手下，宙威感知到幽冥女王的逃脫與即將到來的侵略，在天使叢林的指揮中心內要求智多星替他尋找五名少年，授與超異能後讓他們變成捍衛地球的金剛戰士。英傑、賽克、小晴、比利和珍妮等五名好友遂雀屏中選，從此在各種危機中積極抵禦侵略，召喚戰鬥恐龍擊退幽冥女王所派來的各種怪物。', '天使樹林高中', '3d4f2bf07dc1be38b20cd6e46949a1071f9d0e3e', '黃衣戰士', '女', '0965369147', '天使樹林市', '4813d6fca51220c2accb703c0852a29u', 0, '2017-04-23 17:00:00', NULL, 8, 6, 7, '7.5', NULL, NULL, NULL),
(89, 'PinkRanger.jpg', 'pinkranger@hotmail.com', '兩名太空人在月球上無意中釋放幽冥女王與她的一眾手下，宙威感知到幽冥女王的逃脫與即將到來的侵略，在天使叢林的指揮中心內要求智多星替他尋找五名少年，授與超異能後讓他們變成捍衛地球的金剛戰士。英傑、賽克、小晴、比利和珍妮等五名好友遂雀屏中選，從此在各種危機中積極抵禦侵略，召喚戰鬥恐龍擊退幽冥女王所派來的各種怪物。', '天使樹林高中', '3d4f2bf07dc1be38b20cd6e46949a1071f9d0e3e', '粉紅戰士', '女', '0974365159', '天使樹林市', '4813d6fca51220c2accb703c0852a29v', 0, '2017-04-24 00:00:00', NULL, 6, 4, 9, '5.2', NULL, NULL, NULL),
(90, 'GreenRanger.jpg', 'greenranger@hotmail.com', '兩名太空人在月球上無意中釋放幽冥女王與她的一眾手下，宙威感知到幽冥女王的逃脫與即將到來的侵略，在天使叢林的指揮中心內要求智多星替他尋找五名少年，授與超異能後讓他們變成捍衛地球的金剛戰士。英傑、賽克、小晴、比利和珍妮等五名好友遂雀屏中選，從此在各種危機中積極抵禦侵略，召喚戰鬥恐龍擊退幽冥女王所派來的各種怪物。', '天使樹林高中', '3d4f2bf07dc1be38b20cd6e46949a1071f9d0e3e', '綠衣戰士', '男', '0985147369', '天使樹林市', '4813d6fca51220c2accb703c0852a29w', 0, '2017-04-04 16:00:00', NULL, 6, 5, 8, '6.3', NULL, NULL, NULL);

-- --------------------------------------------------------

--
-- 資料表結構 `orders`
--

CREATE TABLE `orders` (
  `sid` int(11) NOT NULL,
  `type` int(11) NOT NULL,
  `member_sid` int(11) NOT NULL,
  `amount` int(11) NOT NULL,
  `order_date` date NOT NULL
) ENGINE=InnoDB DEFAULT CHARSET=utf8;

--
-- 資料表的匯出資料 `orders`
--

INSERT INTO `orders` (`sid`, `type`, `member_sid`, `amount`, `order_date`) VALUES
(4, 1, 1, 1820, '2016-03-25'),
(5, 1, 1, 1820, '2016-03-25'),
(9, 1, 1, 2070, '2016-06-01'),
(10, 1, 13, 1460, '2016-06-01'),
(11, 1, 23, 5600, '2017-03-16'),
(12, 1, 23, 3360, '2017-03-16'),
(13, 1, 24, 560, '2017-03-21'),
(14, 1, 24, 560, '2017-03-21'),
(20, 1, 5, 3920, '2017-03-28'),
(21, 1, 0, 124620, '2017-03-31'),
(22, 1, 5, 144120, '2017-03-31'),
(23, 1, 5, 60000, '2017-03-31'),
(24, 1, 5, 11800, '2017-03-31'),
(25, 1, 5, 70800, '2017-03-31'),
(26, 1, 5, 35400, '2017-03-31'),
(27, 1, 5, 59000, '2017-03-31'),
(28, 1, 5, 70800, '2017-03-31'),
(29, 0, 2, 0, '2017-04-08'),
(30, 0, 2, 0, '2017-04-08'),
(31, 0, 2, 0, '2017-04-08'),
(32, 0, 2, 0, '2017-04-08'),
(33, 0, 2, 0, '2017-04-08'),
(34, 0, 2, 0, '2017-04-08'),
(35, 0, 2, 0, '2017-04-08'),
(36, 0, 2, 0, '2017-04-08'),
(37, 0, 4, 5400, '2017-04-12'),
(38, 0, 4, 3000, '2017-04-12'),
(39, 0, 4, 3000, '2017-04-12'),
(40, 0, 4, 6600, '2017-04-12'),
(41, 0, 4, 2400, '2017-04-12'),
(42, 0, 4, 2400, '2017-04-12'),
(43, 0, 4, 2400, '2017-04-12'),
(44, 0, 4, 3000, '2017-04-12'),
(45, 0, 1, 29599, '2017-04-19'),
(46, 0, 1, 12160, '2017-04-19'),
(47, 0, 1, 29209, '2017-04-19'),
(48, 1, 1, 56700, '2017-04-19'),
(49, 1, 1, 20440, '2017-04-19'),
(50, 0, 2, 1600, '2017-04-19'),
(51, 0, 2, 1200, '2017-04-19'),
(52, 1, 2, 21860, '2017-04-19'),
(53, 0, 1, 3000, '2017-04-19'),
(54, 1, 1, 11750, '2017-04-19'),
(55, 0, 1, 1800, '2017-04-19'),
(56, 0, 1, 1800, '2017-04-20'),
(57, 0, 1, 400, '2017-04-21'),
(58, 1, 1, 33250, '2017-04-21'),
(59, 0, 49, 400, '2017-04-21'),
(60, 0, 49, 1800, '2017-04-21'),
(61, 0, 1, 1200, '2017-04-22'),
(62, 0, 52, 1200, '2017-04-23'),
(63, 1, 52, 21120, '2017-04-23');

-- --------------------------------------------------------

--
-- 資料表結構 `order_details`
--

CREATE TABLE `order_details` (
  `sid` int(11) NOT NULL,
  `order_sid` int(11) NOT NULL,
  `product_sid` int(11) NOT NULL,
  `price` int(11) NOT NULL,
  `quantity` int(11) NOT NULL
) ENGINE=InnoDB DEFAULT CHARSET=utf8;

--
-- 資料表的匯出資料 `order_details`
--

INSERT INTO `order_details` (`sid`, `order_sid`, `product_sid`, `price`, `quantity`) VALUES
(1, 4, 22, 580, 1),
(2, 4, 17, 620, 2),
(3, 4, 22, 580, 1),
(4, 5, 22, 580, 1),
(5, 5, 17, 620, 2),
(6, 9, 6, 450, 1),
(7, 9, 8, 520, 2),
(8, 9, 22, 580, 1),
(9, 10, 1, 560, 1),
(10, 10, 2, 420, 1),
(11, 10, 3, 480, 1),
(12, 11, 1, 560, 10),
(13, 12, 1, 560, 6),
(14, 13, 1, 560, 1),
(15, 14, 1, 560, 1),
(16, 20, 1, 560, 4),
(17, 20, 2, 420, 4),
(18, 21, 2, 11800, 6),
(19, 21, 3, 5980, 9),
(20, 22, 1, 6320, 6),
(21, 22, 2, 11800, 9),
(22, 23, 6, 12000, 5),
(23, 24, 2, 11800, 1),
(24, 25, 2, 11800, 6),
(25, 26, 2, 11800, 3),
(26, 27, 2, 11800, 5),
(27, 28, 2, 11800, 6),
(28, 29, 15, 0, 4),
(29, 30, 14, 0, 1),
(30, 31, 16, 0, 1),
(31, 32, 18, 0, 4),
(32, 33, 16, 0, 4),
(33, 34, 12, 0, 2),
(34, 35, 16, 0, 4),
(35, 36, 18, 0, 2),
(36, 37, 21, 600, 9),
(37, 38, 21, 600, 5),
(38, 39, 21, 600, 5),
(39, 40, 21, 600, 11),
(40, 41, 21, 600, 4),
(41, 42, 21, 600, 4),
(42, 43, 21, 600, 4),
(43, 44, 21, 600, 5),
(44, 45, 61, 1299, 1),
(45, 45, 8, 16800, 1),
(46, 45, 9, 11500, 1),
(47, 46, 2, 7560, 1),
(48, 46, 4, 4600, 1),
(49, 47, 2, 7560, 1),
(50, 47, 3, 12320, 1),
(51, 47, 53, 1100, 1),
(52, 47, 49, 550, 1),
(53, 47, 48, 2399, 1),
(54, 47, 21, 5280, 1),
(55, 48, 59, 6300, 9),
(56, 49, 29, 2920, 7),
(57, 50, 66, 400, 4),
(58, 51, 67, 600, 2),
(59, 52, 2, 7560, 1),
(60, 52, 4, 4600, 1),
(61, 52, 5, 9700, 1),
(62, 53, 67, 600, 5),
(63, 54, 42, 2700, 1),
(64, 54, 17, 4500, 1),
(65, 54, 53, 1100, 1),
(66, 54, 56, 3450, 1),
(67, 55, 67, 600, 3),
(68, 56, 70, 600, 3),
(69, 57, 74, 400, 1),
(70, 58, 58, 3150, 5),
(71, 58, 10, 2500, 7),
(72, 59, 78, 400, 1),
(73, 60, 69, 600, 3),
(74, 61, 94, 400, 3),
(75, 62, 79, 400, 3),
(76, 63, 3, 12320, 1),
(77, 63, 58, 3150, 1),
(78, 63, 34, 850, 1),
(79, 63, 18, 4800, 1);

-- --------------------------------------------------------

--
-- 資料表結構 `products`
--

CREATE TABLE `products` (
  `sid` int(11) NOT NULL,
  `type` int(11) NOT NULL,
  `name` varchar(255) NOT NULL,
  `price` int(11) NOT NULL,
  `intorduction` varchar(255) NOT NULL,
  `description_1` varchar(255) NOT NULL,
  `description_2` varchar(255) NOT NULL,
  `description_3` varchar(255) NOT NULL,
  `description_4` varchar(255) NOT NULL,
  `description_5` varchar(255) NOT NULL,
  `head_image` varchar(255) NOT NULL,
  `image_1` varchar(255) NOT NULL,
  `image_2` varchar(255) NOT NULL,
  `image_3` varchar(255) NOT NULL,
  `category_sid` int(11) NOT NULL DEFAULT '1',
  `gun_sid` int(11) NOT NULL,
  `date` datetime NOT NULL,
  `ground` enum('野地叢林','街道巷戰','路障廣場','建築肅清') NOT NULL,
  `game_qty` int(11) NOT NULL,
  `mode` enum('團隊死鬥','全面征服','搶奪旗幟','炸彈威脅','人質營救') NOT NULL,
  `mode2` enum('團隊死鬥','全面征服','搶奪旗幟','炸彈威脅','人質營救') NOT NULL,
  `people` enum('25vs25','20vs20','16vs16','12vs12') NOT NULL,
  `now_people_qty` int(11) NOT NULL,
  `host` enum('店家主辦','會員主辦','槍隊比賽','新手專區') NOT NULL,
  `equip_limit` varchar(255) NOT NULL,
  `active_note` varchar(255) NOT NULL,
  `activated` int(11) DEFAULT NULL,
  `join_members_sid` varchar(255) DEFAULT NULL,
  `members_sid` int(11) DEFAULT NULL,
  `team_sid` int(11) DEFAULT NULL,
  `created_at` datetime DEFAULT NULL
) ENGINE=InnoDB DEFAULT CHARSET=utf8;

--
-- 資料表的匯出資料 `products`
--

INSERT INTO `products` (`sid`, `type`, `name`, `price`, `intorduction`, `description_1`, `description_2`, `description_3`, `description_4`, `description_5`, `head_image`, `image_1`, `image_2`, `image_3`, `category_sid`, `gun_sid`, `date`, `ground`, `game_qty`, `mode`, `mode2`, `people`, `now_people_qty`, `host`, `equip_limit`, `active_note`, `activated`, `join_members_sid`, `members_sid`, `team_sid`, `created_at`) VALUES
(1, 1, 'M150~ARES AMOEBA AS01 空氣狙擊槍', 6380, '軍規凹槽金屬槍管，金屬拉柄，鋁合金CNC機匣\n\n鋁合金活塞，金屬尾頂桿，金屬扳機，鋼製阻鐵，\n\n強化尼龍纖維槍托，強化塑料彈匣，槍口14正牙轉接頭\n\n 上彈指示裝置\n\n可調式扳機扣壓\n\n 可調式 HOP-UP 系統', '長度：1085 mm', '重量：2340 g', '內管長度：550 mm', '彈匣裝彈數：55發', '鐵灰色', 'M150~ARES AMOEBA AS01【鐵灰色】空氣狙擊槍-02', 'M150~ARES AMOEBA AS01【鐵灰色】空氣狙擊槍-03', 'M150~ARES AMOEBA AS01【鐵灰色】空氣狙擊槍-04', 'M150~ARES AMOEBA AS01【鐵灰色】空氣狙擊槍-05', 1, 1, '0000-00-00 00:00:00', '', 0, '', '', '', 0, '', '', '', NULL, NULL, NULL, NULL, NULL),
(2, 1, '木紋膠托版King Arms SVD ', 7560, '仿真木紋膠托及護木，以鋅合金和 ABS 為主要材料，以減少步槍的重量\n\n快速分離彈簧導桿系統，讓 CO2 瓶可快速更換\n\n左側導軌可自行加裝狙擊鏡\n\n原槍配置 50發彈匣，及可拆卸貼腮 ', '重量：3030g', '長度：1215mm', '內管長度：560mm', '裝彈數：50發', '木紋', '木紋膠托版~King Arms SVD Sniper Rifle CO2 狙擊槍-01', '木紋膠托版~King Arms SVD Sniper Rifle CO2 狙擊槍-02', '木紋膠托版~King Arms SVD Sniper Rifle CO2 狙擊槍-03', '木紋膠托版~King Arms SVD Sniper Rifle CO2 狙擊槍-06', 1, 1, '0000-00-00 00:00:00', '', 0, '', '', '', 0, '', '', '', NULL, NULL, NULL, NULL, NULL),
(3, 1, '沙色~ARES MS700 全金屬手拉空氣狙擊槍', 12320, '拉一打一\n\nHOP UP可調\n\nCNC金屬防火帽、外槍管\n\nRemington 刻字 \n\n左右設有魚骨片，也可加裝寬軌瞄準鏡\n\n可折式後槍托，並可自由調整托腮！', '重量：約4566 g', '長度：860 mm（折疊）/ 1100 mm', '槍管長：約 500 mm', '彈匣容量：78 發（金屬彈夾）', '沙色', '沙色~ARES MS700 全金屬手拉空氣狙擊槍-01', '沙色~ARES MS700 全金屬手拉空氣狙擊槍-03', '沙色~ARES MS700 全金屬手拉空氣狙擊槍-04', '沙色~ARES MS700 全金屬手拉空氣狙擊槍-05', 1, 1, '0000-00-00 00:00:00', '', 0, '', '', '', 0, '', '', '', NULL, NULL, NULL, NULL, NULL),
(4, 1, '單連發 WE M712 騎兵槍，盒子砲狙擊槍', 4600, '全金屬\n\nSEMI單發 / AUTO連發\n\n槍機可後定\n\n仿真拆裝\n\n擬真木紋\n\n輕量、攜帶方便', '重量：3200 g', '長度：830 / 895 mm', 'Hop-up：可調式', '射擊選擇模式：保險/單發/連發', '金屬色', '單連發 WE M712 騎兵槍，盒子砲狙擊槍-01', '單連發 WE M712 騎兵槍，盒子砲狙擊槍-03', '單連發 WE M712 騎兵槍，盒子砲狙擊槍-04', '單連發 WE M712 騎兵槍，盒子砲狙擊槍-05', 1, 1, '0000-00-00 00:00:00', '', 0, '', '', '', 0, '', '', '', NULL, NULL, NULL, NULL, NULL),
(5, 1, 'FALCON KJ M700 瓦斯狙擊槍', 9700, '8mm 特仕版~FALCON KJ M700 瓦斯狙擊槍\n\n ( 70M 直線彈道 ~!!!)\n\n客製化加工 8mm前膛線精密管 +可調式 HOP-UP系統\n\n隱藏式14mm逆牙槍口，可直接加裝滅音器\n\n使用 8mm BB彈\n\n 值得收集的一把狙擊長槍\n\n 夠份量，長槍的魅力，強力推薦\n\n 不論是手感，外型，擊發時的準確快感，您絕不可錯過 !!!', '全長：1150mm', '重量：3165g', '裝彈數： 5 發 ', '初速：(8mm--0.48g)約130±10m/s', '黑色', '狙擊版~KJ 立智 M700 全金屬狙擊槍-01', '狙擊版~KJ 立智 M700 全金屬狙擊槍-02', '狙擊版~KJ 立智 M700 全金屬狙擊槍-03', '狙擊版~KJ 立智 M700 全金屬狙擊槍-05', 1, 1, '0000-00-00 00:00:00', '', 0, '', '', '', 0, '', '', '', NULL, NULL, NULL, NULL, NULL),
(6, 1, '黑色 E_C AWP L96 TYPE96 手拉狙擊槍', 4980, '超優質感，使用6mm BB彈，屬於半自動滑套固定式，只需扣板機，即可發射!!\r\n不論是手感，外型，擊發時的快感，您絕不可錯過。\r\n喜好收藏的朋友，這支豈能錯過!!\r\n全金屬材質\r\n半自動，滑套固定式\r\n可調式表尺，擊槌可固定在後，隨時可擊發', '尺寸：28 cm x 15 cm', '初速: 134 m/s(0.2g)', '重量： 1.2 kg', '裝彈數：26 發', '盒子砲瓦斯槍 x 1', '黑色 E_C AWP L96 TYPE96 手拉狙擊槍-01', '黑色 E_C AWP L96 TYPE96 手拉狙擊槍-03', '黑色 E_C AWP L96 TYPE96 手拉狙擊槍-06', '黑色 E_C AWP L96 TYPE96 手拉狙擊槍-07', 1, 1, '0000-00-00 00:00:00', '', 0, '', '', '', 0, '', '', '', NULL, NULL, NULL, NULL, NULL),
(7, 1, '新款 HFC VSR11 木紋 瓦斯長槍', 6980, '司牙(活塞卡榫) 免工具快壓快裝設計，讓氣筒更換方便又快速！\n\n 可快速抽換 瓦斯 & 空氣 動力氣筒，讓使用者隨心所欲更換初速與動力。\n\n木紋塑膠槍托，在重量極輕的狀況又能保有木紋的質感，再讓外觀提升至另一境界。', '填彈器', '說明書', '狙擊鏡', '腳架', '木紋', '新款 HFC VSR11 木紋 瓦斯狙擊槍-01', '新款 HFC VSR11 木紋 瓦斯狙擊槍-05', '新款 HFC VSR11 木紋 瓦斯狙擊槍-06', '新款 HFC VSR11 木紋 瓦斯狙擊槍-07', 1, 1, '0000-00-00 00:00:00', '', 0, '', '', '', 0, '', '', '', NULL, NULL, NULL, NULL, NULL),
(8, 1, '雷明頓 M700 全金屬狙擊槍', 16800, '金屬部份 有70%為CNC加工製造\n\n初速: 125m/s ±5 (0.2g, 12公斤瓦斯)\n\n鋼製槍機拉柄(含鋼製拋殼勾,頂殼桿)\n\n鋼製簧片(托彈板)\n\n外管CNC全鋁製', '重量：3200 g', '長度：830 / 895 mm', 'Hop-up：可調式', '射擊選擇模式：保險/單發/連發', '黑色', '雷明頓 M700 全金屬瓦斯拋殼狙擊槍-01', '雷明頓 M700 全金屬瓦斯拋殼狙擊槍-03', '雷明頓 M700 全金屬瓦斯拋殼狙擊槍-04', '雷明頓 M700 全金屬瓦斯拋殼狙擊槍-05', 1, 1, '0000-00-00 00:00:00', '', 0, '', '', '', 0, '', '', '', NULL, NULL, NULL, NULL, NULL),
(9, 1, 'CZ Scorpion EVO 3 A1 電動衝鋒槍', 11500, '擬真操作體驗 \n\nEVO 3 A1在設計之初，\n \n就盡可能的以接近真槍操作體驗為出發點，\n \n不管是在重量、尺寸、刻字及操作特點上，\n \n都已經接近符合真槍使用上的感受，\n \n另外在彈匣無彈即刻斷電，\n \n重新上彈後需拉槍機拉柄上膛等真槍使用方式，\n \n相信都可以帶給各位精緻的擬真操作感受。', '總長：623/425 公厘', '重量：2400 克', '馬達：25000rpm 橘強磁長軸 ', '內管長度：208 公厘', '黑色', 'CZ Scorpion EVO 3 A1 電動衝鋒槍，電槍 -01', 'CZ Scorpion EVO 3 A1 電動衝鋒槍，電槍 -05', 'CZ Scorpion EVO 3 A1 電動衝鋒槍，電槍 -06', 'CZ Scorpion EVO 3 A1 電動衝鋒槍，電槍 -07', 1, 2, '0000-00-00 00:00:00', '', 0, '', '', '', 0, '', '', '', NULL, NULL, NULL, NULL, NULL),
(10, 1, 'HFC 單連發 M11 英格斯衝', 2500, '超高連發射速，壓制敵人首選 !!\n\n可折後托~靈活~短巧!!\n\nCQB 利器\n\n生存近戰接敵~攻堅~最新利器!!\n\n仿真可動槍機~超有feel喔~\n\n單發連發 自由切換', '尺寸：28 cm x 15 cm', '總長：452 mm', '重量： 1.2 kg', '裝彈數：26 發', '黑色', 'HFC M11 英格拉姆 塑膠版瓦斯衝鋒槍-01', 'HFC M11 英格拉姆 塑膠版瓦斯衝鋒槍-03', 'HFC M11 英格拉姆 塑膠版瓦斯衝鋒槍-05', 'HFC M11 英格拉姆 塑膠版瓦斯衝鋒槍-06', 1, 2, '0000-00-00 00:00:00', '', 0, '', '', '', 0, '', '', '', NULL, NULL, NULL, NULL, NULL),
(11, 1, 'KSCKWA 貝瑞塔 M93R II 衝鋒槍', 15000, '強化塑料聚合物與鋁合金架構 堅固耐用\n\n附說明書 圖文並茂 組裝簡單 無需拆槍\n\n戰術伸縮托 貼腮高度可調\n\n標準20mm戰術軌道 可安裝各式戰術裝備 電筒/雷射/內紅點\n\n符合人體工程學的設計 並配備前/後快拆式背帶環安裝孔\n\n摺疊式戰術握把 輕巧好用', '總長：623/425 公厘', '總長：452 mm', '重量： 1.2 kg', '裝彈數：26 發', '黑色', 'KSCKWA 貝瑞塔 M93R II 衝鋒槍，瓦斯槍，BB槍-01', 'KSCKWA 貝瑞塔 M93R II 衝鋒槍，瓦斯槍，BB槍-02', 'KSCKWA 貝瑞塔 M93R II 衝鋒槍，瓦斯槍，BB槍-03', 'KSCKWA 貝瑞塔 M93R II 衝鋒槍，瓦斯槍，BB槍-04', 1, 2, '0000-00-00 00:00:00', '', 0, '', '', '', 0, '', '', '', NULL, NULL, NULL, NULL, NULL),
(12, 1, 'KSCKWA 第二代 日本 M11A1 衝鋒槍', 7500, '符合人體工程學的設計 並配備前/後快拆式背帶環安裝孔  摺疊式戰術握把 輕巧好用  大型上膛手柄 上膛方便容易 左右手皆可操作  頂部與左右兩側CNC鋁合金戰術軌道  5段可調伸縮托 可安置備用彈匣 快速更換彈匣發揚火力  前後CAA原廠戰術機械瞄具 可折疊與快彈試設計 方便好用', '長度：470mm / 560mm', '重量：1900g', '材質：Nylon Fiber; Aluminum', '裝彈數：26 發', '黑色', 'KSCKWA 第二代 日本 M11A1 瓦斯衝鋒槍-01', 'KSCKWA 第二代 日本 M11A1 瓦斯衝鋒槍-02', 'KSCKWA 第二代 日本 M11A1 瓦斯衝鋒槍-04', 'KSCKWA 第二代 日本 M11A1 瓦斯衝鋒槍-05', 1, 2, '0000-00-00 00:00:00', '', 0, '', '', '', 0, '', '', '', NULL, NULL, NULL, NULL, NULL),
(13, 1, 'KWAKSC MP7A1 GBB 瓦斯氣動槍', 7800, '超高連發射速，壓制敵人首選 !!  可折後托~靈活~短巧!!  CQB 利器  生存近戰接敵~攻堅~最新利器!!  仿真可動槍機~超有feel喔~  單發連發 自由切換', '後拖未展開尺寸：645mm', '鋼製後托卡榫 x1', '14mm 逆牙轉接頭 x1', '側魚骨片 x2片', '黑色', 'KWAKSC MP7A1 GBB 瓦斯氣動槍-01', 'KWAKSC MP7A1 GBB 瓦斯氣動槍-02', 'KWAKSC MP7A1 GBB 瓦斯氣動槍-03', 'KWAKSC MP7A1 GBB 瓦斯氣動槍-04', 1, 2, '0000-00-00 00:00:00', '', 0, '', '', '', 0, '', '', '', NULL, NULL, NULL, NULL, NULL),
(14, 1, 'KWC M11 KC-55HN 英格拉姆衝鋒槍', 4300, 'KWC M11 KC-55HN 英格拉姆衝鋒槍  CO2直壓槍  <高初速，好準度>   塑膠ABS 材質  後托為金屬  初速 120~140 m/s', '槍管座型號：hop up 系統', '材質：ABS 塑膠材質', '動力來源：12g co2 鋼瓶', '口徑：6MM', '黑色', 'KWC M11 KC-55HN 英格拉姆衝鋒槍-01', 'KWC M11 KC-55HN 英格拉姆衝鋒槍-05', 'KWC M11 KC-55HN 英格拉姆衝鋒槍-06', 'KWC M11 KC-55HN 英格拉姆衝鋒槍-07', 1, 2, '0000-00-00 00:00:00', '', 0, '', '', '', 0, '', '', '', NULL, NULL, NULL, NULL, NULL),
(15, 1, 'MARUI M11 英格拉姆衝鋒槍', 5400, 'MARUI M11 英格拉姆衝鋒槍  初速 30 m/s(0.2BB彈)  滑套可動(BLOWBACK)  全自動 (連發) / 半自動 (單發)', '長度：255 mm / 328 mm', '填彈數：22 發', '保護蓋、清潔棒、BB彈 (0.12克/100顆)', '動力來源：AAA鹼性電池 4顆', '黑色', 'MARUI M11 英格拉姆衝鋒槍-01', 'MARUI M11 英格拉姆衝鋒槍-02', 'MARUI M11 英格拉姆衝鋒槍-03', 'MARUI M11 英格拉姆衝鋒槍-04', 1, 2, '0000-00-00 00:00:00', '', 0, '', '', '', 0, '', '', '', NULL, NULL, NULL, NULL, NULL),
(16, 1, 'SRU SR-PDW-PS G5 GBB 瓦斯槍', 17500, '導入3D列印技術打造的槍身\n\n突破以往工業量產的作法\n\n使用積層堆疊的方式\n\n讓槍身一體成型\n\n符合工學的流線槍體\n\n運用新的製程', '尺寸：520 x 260 mm', '重量：2428 g', '14mm 逆牙轉接頭 x1', '裝彈數：33 發', '軍綠色', 'SRU SR-PDW-PS G5 GBB 瓦斯槍-02', 'SRU SR-PDW-PS G5 GBB 瓦斯槍-03', 'SRU SR-PDW-PS G5 GBB 瓦斯槍-04', 'SRU SR-PDW-PS G5 GBB 瓦斯槍-05', 1, 2, '0000-00-00 00:00:00', '', 0, '', '', '', 0, '', '', '', NULL, NULL, NULL, NULL, NULL),
(17, 1, 'AW Custom WE HI-CAPA ', 4500, 'AW Custom™ 團隊精心設計的滑套和補償器形狀，\n\n仔細考慮了每個切面和組件，產生完美的平衡，使在擊發時槍口幾乎沒有上升。\n\n\n具有退彈孔及滑套可動及後定，模擬真槍動作\n\n可調式 HOP UP\n\n光纖準星，環狀罩門\n\n簍空握把設計搭配同紋路的彈匣井襯裙', '尺寸：271 x 151 mm', '外盒尺寸：340 x 205 mm', '重量：約 1090 g', '內管長度：166mm', '銀色', 'AW Custom WE HI-CAPA 風之魂 7吋競技版 全金屬瓦斯槍-03', 'AW Custom WE HI-CAPA 風之魂 7吋競技版 全金屬瓦斯槍-02', 'AW Custom WE HI-CAPA 風之魂 7吋競技版 全金屬瓦斯槍-01', 'AW Custom WE HI-CAPA 風之魂 7吋競技版 全金屬瓦斯槍-04', 1, 3, '0000-00-00 00:00:00', '', 0, '', '', '', 0, '', '', '', NULL, NULL, NULL, NULL, NULL),
(18, 1, 'CyberGun FNS-9 瓦斯槍 bork', 4800, 'FN原廠授權製造\n\n台灣製造\n\n半自動\n\n輕量畫下身＆防滑握把設計', '尺寸：190 x 150 mm', '重量：660 g', '填彈數：22 發', '動力：12kg 瓦斯', '黑色', 'CyberGun FNS-9 瓦斯槍 bork-01', 'CyberGun FNS-9 瓦斯槍 bork-04', 'CyberGun FNS-9 瓦斯槍 bork-05', 'CyberGun FNS-9 瓦斯槍 bork-07', 1, 3, '0000-00-00 00:00:00', '', 0, '', '', '', 0, '', '', '', NULL, NULL, NULL, NULL, NULL),
(19, 1, 'MARUI M11 英格拉姆衝鋒槍', 5400, 'MARUI M11 英格拉姆衝鋒槍  初速 30 m/s(0.2BB彈)  滑套可動(BLOWBACK)  全自動 (連發) / 半自動 (單發)', '長度：255 mm / 328 mm', '填彈數：22 發', ' 初速：約 100~110 m/s', '距離以60m為基礎', '黑金', 'AW HI-CAPA  6吋 銀龍 海神性能版客製槍-01', 'AW HI-CAPA  6吋 銀龍 海神性能版客製槍-03', 'AW HI-CAPA  6吋 銀龍 海神性能版客製槍-05', 'AW HI-CAPA  6吋 銀龍 海神性能版客製槍-07', 1, 3, '0000-00-00 00:00:00', '', 0, '', '', '', 0, '', '', '', NULL, NULL, NULL, NULL, NULL),
(20, 1, 'GAH P226 加重 手拉空氣槍', 2800, '使用積層堆疊的方式\n\n讓槍身一體成型\n\n符合工學的流線槍體\n\n運用新的製程', '長度：195mm', '重量：500g', '裝彈數：28發', '材質：ABS', '黑色', 'GAH P226 加重 手拉空氣槍-01', 'GAH P226 加重 手拉空氣槍-02', 'GAH P226 加重 手拉空氣槍-03', 'GAH P226 加重 手拉空氣槍-04', 1, 3, '0000-00-00 00:00:00', '', 0, '', '', '', 0, '', '', '', NULL, NULL, NULL, NULL, NULL),
(21, 1, '馬牌 MARUI DESERT WARRIOR ', 5280, 'ＢＢ彈發射完畢後，滑蓋部分會自動後定!!\n', '彈匣容量：26發(6mm)', '內管長度：110 mm', '總長：210 mm', '重量：1100g', '黑色', '馬牌 MARUI DESERT WARRIOR 4.3 瓦斯手槍-01', '馬牌 MARUI DESERT WARRIOR 4.3 瓦斯手槍-03', '馬牌 MARUI DESERT WARRIOR 4.3 瓦斯手槍-05', '馬牌 MARUI DESERT WARRIOR 4.3 瓦斯手槍-07', 1, 3, '0000-00-00 00:00:00', '', 0, '', '', '', 0, '', '', '', NULL, NULL, NULL, NULL, NULL),
(22, 1, 'KJ SP01 CZ75 SHADOW 授權刻字版', 4300, 'KWC M11 KC-55HN 英格拉姆衝鋒槍  CO2直壓槍  <高初速，好準度>   塑膠ABS 材質  後托為金屬  初速 120~140 m/s', '槍管座型號：hop up 系統', '材質：ABS 塑膠材質', '動力來源：12g co2 鋼瓶', '口徑：6MM', '黑色', 'KJ SP01 CZ75 SHADOW 授權刻字版-01', 'KJ SP01 CZ75 SHADOW 授權刻字版-05', 'KJ SP01 CZ75 SHADOW 授權刻字版-06', 'KJ SP01 CZ75 SHADOW 授權刻字版-07', 1, 3, '0000-00-00 00:00:00', '', 0, '', '', '', 0, '', '', '', NULL, NULL, NULL, NULL, NULL),
(23, 1, ' 鋁質槍管 升級改裝套件組', 6800, 'CNC全加工\n軍規硬膜陽極魚骨護木\n鋼製瓦斯座 / 不銹鋼瓦斯管\n真品採寸火帽組，可搭配Z-KIT-007裝飾用滅音器', '材質：鋁、鋼', '重量:20g', '口徑:6mm', '鋼製瓦斯座 / 不銹鋼瓦斯管', '黑色', '[Zparts] 真品仿製 Mk12 Mod1 Set - AL. Barrel 鋁質槍管 升級改裝套件組-01', '[Zparts] 真品仿製 Mk12 Mod1 Set - AL. Barrel 鋁質槍管 升級改裝套件組-02', '[Zparts] 真品仿製 Mk12 Mod1 Set - AL. Barrel 鋁質槍管 升級改裝套件組-03', '[Zparts] 真品仿製 Mk12 Mod1 Set - AL. Barrel 鋁質槍管 升級改裝套件組-04', 2, 4, '0000-00-00 00:00:00', '', 0, '', '', '', 0, '', '', '', NULL, NULL, NULL, NULL, NULL),
(26, 1, 'KWC 柯特 1911 MODEL 手拉空氣槍', 6800, 'KWC 柯特 1911 MODEL 手拉空氣槍\r\n初速 60-70 m/s\r\n\r\n1:1比例仿製\r\n\r\n拉一打一滑套設計', '全長:22.5cm', '重量:320g', '口徑:6mm', '裝彈數:12發', '黑色', 'KWC 柯特 1911 MODEL 手拉空氣槍-01', 'KWC 柯特 1911 MODEL 手拉空氣槍-02', 'KWC 柯特 1911 MODEL 手拉空氣槍-03', 'KWC 柯特 1911 MODEL 手拉空氣槍-04', 1, 3, '0000-00-00 00:00:00', '', 0, '', '', '', 0, '', '', '', NULL, NULL, NULL, NULL, NULL),
(27, 1, 'SRU SR-GF G18 克拉克 瓦斯手槍', 3600, '導入3D列印技術打造的槍身\r\n\r\n突破以往工業量產的作法\r\n\r\n使用積層堆疊的方式\r\n\r\n讓槍身一體成型\r\n\r\n符合工學的流線槍體\r\n\r\n運用新的製程', '尺寸：145 x 205 mm', '重量：2428 g', '14mm 逆牙轉接頭 x1', '重量：832 g', '沙色', 'SRU SR-GF G18 克拉克 瓦斯手槍-01', 'SRU SR-GF G18 克拉克 瓦斯手槍-03', 'SRU SR-GF G18 克拉克 瓦斯手槍-04', 'SRU SR-GF G18 克拉克 瓦斯手槍-05', 1, 3, '0000-00-00 00:00:00', '', 0, '', '', '', 0, '', '', '', NULL, NULL, NULL, NULL, NULL),
(28, 1, '黑色~8吋~WG CO2 全金屬左輪手槍', 8900, '迷你撒旦之輪版~黑色 4吋~WG CO2 全金屬散彈左輪手槍\r\n\r\n搭配6發[全金屬散彈彈殼]\r\n\r\n初速 100±10 m/s\r\n\r\n(單發初速約 135 m/s)\r\n\r\n直線射程15M以上；15M彈幕約A4靶大小\r\n\r\n每顆彈殼可裝填1~5發BB彈\r\n\r\n相當於一把[迷你型撒旦之輪]散彈槍!!! ', '裝彈數：6發', '子彈：6mm BB彈', '全金屬散彈彈殼 x 6顆', '半金屬單發彈殼 x 6顆', '黑色', '黑色~8吋~WG CO2 全金屬左輪手槍-01', '黑色~8吋~WG CO2 全金屬左輪手槍-04', '黑色~8吋~WG CO2 全金屬左輪手槍-06', '黑色~8吋~WG CO2 全金屬左輪手槍-07', 1, 3, '0000-00-00 00:00:00', '', 0, '', '', '', 0, '', '', '', NULL, NULL, NULL, NULL, NULL),
(29, 1, 'CAA Airsoft M4RAS 長版護木', 2920, 'M4 RAS 戰術魚骨系統是 全鋁製，\n\n除了簡單安裝外，輕量化更是特色之一。\n\n全 CAA 授權真刻 & X4MSD 雷刻於軌道左右側。\n\n背帶孔在魚骨的周圍提供最大的通風性，\n\n此款設計適用於M4 空氣槍系列，\n\nCNC 加工處理航太級鋁材到MIL-1913。\n\n兩個在前段的背帶孔 & 四個在後段的背帶孔', '長度：305mm', '重量：568g', '口徑:6mm', '魚骨：MIL-STD-1913 Picatinny rail', '沙色', 'CAA Airsoft M4RAS 長版護木~沙色-01', 'CAA Airsoft M4RAS 長版護木~沙色-02', 'CAA Airsoft M4RAS 長版護木~沙色-03', 'CAA Airsoft M4RAS 長版護木~沙色-04', 2, 4, '0000-00-00 00:00:00', '', 0, '', '', '', 0, '', '', '', NULL, NULL, NULL, NULL, NULL),
(30, 1, 'OD綠~King Arms M4 握把', 580, ' OD綠~King Arms M4 握把\n\n(電動槍專用)\n\n (不含底板)\n\n材質：尼龍纖維', '電動槍專用\n', '不含底板', '材質：尼龍纖維', '小心使用', '軍綠色', 'OD綠~King Arms M4 握把-01', 'OD綠~King Arms M4 握把-02', 'OD綠~King Arms M4 握把-03', 'OD綠~King Arms M4 握把-04', 2, 5, '0000-00-00 00:00:00', '', 0, '', '', '', 0, '', '', '', NULL, NULL, NULL, NULL, NULL),
(31, 1, ' PTS US PALM Grip 戰術握把', 690, 'US PALM正廠授權生產\n\n強化工程塑料材質加上細緻的防滑花紋\n\n使握持時，更舒適、更順手\n', '尺寸：115 x 35 x 94 mm', '重量：90 g', '可通用：VFC, LCT, ASP', '小心使用', '黑色', 'PTS US PALM AK Battle Grip 戰術握把(AEG)-01', 'PTS US PALM AK Battle Grip 戰術握把(AEG)-02', 'PTS US PALM AK Battle Grip 戰術握把(AEG)-03', 'PTS US PALM AK Battle Grip 戰術握把(AEG)-04', 2, 5, '0000-00-00 00:00:00', '', 0, '', '', '', 0, '', '', '', NULL, NULL, NULL, NULL, NULL),
(32, 1, 'PTS EPF電池握把', 770, 'PTS EPF Vertical Foregrip with AEG battery storage\r\n\r\n \r\n\r\n這個前握柄一如以往用強化塑料製成, 並已經由專業射手認證設計\r\n\r\n \r\n\r\n此握柄具有放置鋰電池空間 (容量100 x 21 x 16mm)所有前出線的電動槍都可以用', '容量100 x 21 x 16mm', '重量：50 g', '可通用：ASP', '小心使用', '黑色', 'PTS EPF電池握把-01', 'PTS EPF電池握把-02', 'PTS EPF電池握把-03', 'PTS EPF電池握把-04', 2, 5, '0000-00-00 00:00:00', '', 0, '', '', '', 0, '', '', '', NULL, NULL, NULL, NULL, NULL),
(33, 1, 'AIM TECH VELOCE 1~6x24 狙擊鏡', 8000, '有段調式光亮度調整：\r\n\r\n搭配細緻瞄準線，具備全天候射擊瞄準能力，\r\n\r\n在不同的光線下做更精確的瞄準與射擊，並可做光源調整，配合射手習慣。\r\n\r\n\r\n加蓋防塵快調裝置：\r\n\r\n上下左右快調設計，調整歸零免工具，\r\n\r\n過程不需任何工具，能在最短時間內依造天氣風速迅速歸零調整。', '倍率 : 1~6\r\n', '總長度(不含防塵蓋) : 25.3CM', '材質：尼龍纖維', '重量(公克) : 536', '黑色', 'AIM TECH VELOCE 1~6x24 狙擊鏡-01', 'AIM TECH VELOCE 1~6x24 狙擊鏡-02', 'AIM TECH VELOCE 1~6x24 狙擊鏡-03', 'AIM TECH VELOCE 1~6x24 狙擊鏡-04', 2, 6, '0000-00-00 00:00:00', '', 0, '', '', '', 0, '', '', '', NULL, NULL, NULL, NULL, NULL),
(34, 1, '551 內紅點快瞄，紅綠光點快瞄鏡', 850, '黑色 551 內紅點快瞄，紅綠光點快瞄鏡\r\n\r\n(黑色)\r\n\r\n全金屬材質\r\n高清晰度，紅綠光，可調整亮度\r\n\r\n瞄準線調節: 可行（上下，左右兩旋鈕可以調節）\r\n\r\n總長度約10.5cm\r\n', '總長度約10.5cm', '重量：20 g', '使用 LR44 x4顆', '全金屬材質', '黑色', '黑色 551 內紅點快瞄，紅綠光點快瞄鏡-01', '黑色 551 內紅點快瞄，紅綠光點快瞄鏡-02', '黑色 551 內紅點快瞄，紅綠光點快瞄鏡-03', '黑色 551 內紅點快瞄，紅綠光點快瞄鏡-04', 2, 6, '0000-00-00 00:00:00', '', 0, '', '', '', 0, '', '', '', NULL, NULL, NULL, NULL, NULL),
(35, 1, '全金屬戰術槍燈，手電筒', 600, 'PTS EPF Vertical Foregrip with AEG battery storage\r\n\r\n \r\n\r\n這個前握柄一如以往用強化塑料製成, 並已經由專業射手認證設計\r\n\r\n \r\n\r\n此握柄具有放置鋰電池空間 (容量100 x 21 x 16mm)所有前出線的電動槍都可以用', '尺寸： 7.9×3.8cm', '材料：鋁合金', '電源：CR123A x1', '小心使用', '黑色', '全金屬戰術槍燈-01', '全金屬戰術槍燈-02', '全金屬戰術槍燈-03', '全金屬戰術槍燈-04', 2, 7, '0000-00-00 00:00:00', '', 0, '', '', '', 0, '', '', '', NULL, NULL, NULL, NULL, NULL),
(36, 1, 'HFC 經典盒子砲專用木托', 2500, '  HFC 經典盒子砲專用木托+槍盒，木盒，槍箱\r\n\r\n(是槍托也是槍盒)\r\n\r\n提升質感，專屬配件\r\n\r\n可當槍托使用\r\n\r\n提升射擊穩定度\r\n\r\n也可當槍盒使用\r\n\r\n方便收納攜行', 'for HFC 盒子砲，它牌不共用', 'Made in Taiwan', '長度：371mm x 127mm x 57mm', '小心使用', '重量：560g', '經典盒子砲專用木托-01', '經典盒子砲專用木托-02', '經典盒子砲專用木托-03', '經典盒子砲專用木托-04', 2, 8, '0000-00-00 00:00:00', '', 0, '', '', '', 0, '', '', '', NULL, NULL, NULL, NULL, NULL),
(37, 1, 'ICS MTR S1 戰術伸縮托', 975, '設計符合市面上主流槍型\r\n\r\n簡單安裝，完美詮釋\r\n\r\n輕鬆升級無負擔', '容量100 x 21 x 16mm', '重量：50 g', '可通用：ASP', '小心使用', '黑色', 'ICS MTR S1 戰術伸縮托-01', 'ICS MTR S1 戰術伸縮托-02', 'ICS MTR S1 戰術伸縮托-03', 'ICS MTR S1 戰術伸縮托-04', 2, 8, '0000-00-00 00:00:00', '', 0, '', '', '', 0, '', '', '', NULL, NULL, NULL, NULL, NULL),
(38, 1, '電槍鋰電~鋰聚合物電池', 700, '電槍鋰電~鋰聚合物電池(托桿電池用)', '尺寸：長105 x 寬20 x 厚12 mm\r\n', '7.4V', '20C', '800mAh', '黑色', '電槍鋰電-01', '電槍鋰電-02', '電槍鋰電-03', '電槍鋰電-04', 2, 9, '0000-00-00 00:00:00', '', 0, '', '', '', 0, '', '', '', NULL, NULL, NULL, NULL, NULL),
(39, 1, 'CO2 高壓氣瓶', 1200, 'CO2 高壓氣瓶\r\n\r\n耐 3000psi\r\n\r\n( 已灌氣，5OZ，TRG2可用 )', '1. 請存放在溫度104℉ (40℃)以下的地方。', '2. 此為噴霧罐產品，請勿敲擊、烘烤、刺穿、擠壓罐身。', '3. 請存放在兒童無法取得的地方。', '4. 請勿在密閉空間使用，需保持空氣流通。', '黑色', 'CO2 高壓氣瓶-01', 'CO2 高壓氣瓶-02', 'CO2 高壓氣瓶-03', 'CO2 高壓氣瓶-04', 2, 10, '0000-00-00 00:00:00', '', 0, '', '', '', 0, '', '', '', NULL, NULL, NULL, NULL, NULL),
(40, 1, '楓葉牌 6.03 精密管', 7800, 'PTS EPF Vertical Foregrip with AEG battery storage\r\n\r\n \r\n\r\n這個前握柄一如以往用強化塑料製成, 並已經由專業射手認證設計\r\n\r\n \r\n\r\n此握柄具有放置鋰電池空間 (容量100 x 21 x 16mm)所有前出線的電動槍都可以用', '尺寸： 7.9×3.8cm', '材料：鋁合金', '須自行組裝', '小心使用', '鋁合金', '楓葉牌 6.03 精密管-01', '楓葉牌 6.03 精密管-02', '楓葉牌 6.03 精密管-03', '楓葉牌 6.03 精密管-04', 3, 12, '0000-00-00 00:00:00', '', 0, '', '', '', 0, '', '', '', NULL, NULL, NULL, NULL, NULL),
(41, 1, 'VSR10 DT-M40 狙擊槍 鋼製槍機', 1800, 'MARUI VSR10 & DT-M40 (FN-SPR A5M)專用\r\n\r\n鋼製加大拉柄，輕鬆好拉不費力\r\n\r\n附上造型鋁合金尾蓋，為您的槍機增添多一點變化喔!!', '左手拉柄+尾蓋組', 'Made in Taiwan', 'MARUI VSR10 & DT-M40', '造型鋁合金尾蓋', '重量：300g', 'MARUI VSR10 DT-M40 狙擊槍-01', 'MARUI VSR10 DT-M40 狙擊槍-02', 'MARUI VSR10 DT-M40 狙擊槍-03', 'MARUI VSR10 DT-M40 狙擊槍-04', 3, 13, '0000-00-00 00:00:00', '', 0, '', '', '', 0, '', '', '', NULL, NULL, NULL, NULL, NULL),
(42, 1, 'iMeshbean 快速反應頭盔', 2700, '安全防護第一選擇', '尺寸：頭圍58-60合適', '重量：950 g', 'Made in Taiwan', '材質:混和工程塑料', '綠色', 'iMeshbean 快速反應頭盔01', 'iMeshbean 快速反應頭盔02', 'iMeshbean 快速反應頭盔03', 'iMeshbean 快速反應頭盔04', 4, 14, '0000-00-00 00:00:00', '', 0, '', '', '', 0, '', '', '', NULL, NULL, NULL, NULL, NULL),
(43, 1, 'OneTigris MICH ACH 戰術頭盔', 4100, '安全防護第一選擇', '尺寸：頭圍58-60合適\r\n', '重量：950 g', 'Made in Taiwan', '材質:混和工程塑料', '灰色', 'OneTigris MICH 2000 版本 ACH 戰術頭盔-灰色01', 'OneTigris MICH 2000 版本 ACH 戰術頭盔-灰色02', 'OneTigris MICH 2000 版本 ACH 戰術頭盔-灰色03', 'OneTigris MICH 2000 版本 ACH 戰術頭盔-灰色04', 4, 14, '0000-00-00 00:00:00', '', 0, '', '', '', 0, '', '', '', NULL, NULL, NULL, NULL, NULL),
(44, 1, 'MSA Sordin BASIC 防護耳罩 ', 6800, '安全防護第一選擇', '尺寸：頭圍58-60合適', '重量：950 g', 'Made in Taiwan', '材質:混和工程塑料', '黑色', 'MSA Sordin BASIC 防護耳罩 AUX Input SOR75301-01', 'MSA Sordin BASIC 防護耳罩 AUX Input SOR75301-02', 'MSA Sordin BASIC 防護耳罩 AUX Input SOR75301-03', 'MSA Sordin BASIC 防護耳罩 AUX Input SOR75301-04', 4, 14, '0000-00-00 00:00:00', '', 0, '', '', '', 0, '', '', '', NULL, NULL, NULL, NULL, NULL),
(45, 1, '俄軍 陸軍6b27頭盔', 3600, '安全防護第一選擇', '尺寸：頭圍58-60合適', '重量：950 g', '材質:混和工程塑料', 'Made in Taiwan', '鋁合金', '俄軍 陸軍6b27頭盔-01', '俄軍 陸軍6b27頭盔-02', '俄軍 陸軍6b27頭盔-03', '俄軍 陸軍6b27頭盔-04', 4, 14, '0000-00-00 00:00:00', '', 0, '', '', '', 0, '', '', '', NULL, NULL, NULL, NULL, NULL),
(46, 1, '全指戰術觸控強化手套', 980, '凹凸橡膠保護主關節，符合人體工學\r\n\r\n使用特殊尼龍材質，舒適、透氣，微彈性、不緊繃\r\n\r\n掌心EVA&複合材料，保護掌心\r\n\r\n指間觸屏設計，可使用任何觸控設備\r\n\r\n手腕處設有魔鬼氈，可調整鬆緊，不脫落', '尺寸：掌圍18~22', '重量：50 g', 'Made in Taiwan', '材質:混和工程塑料', '黑色', '全指戰術觸控強化手套-01', '全指戰術觸控強化手套-02', '全指戰術觸控強化手套-03', '全指戰術觸控強化手套-04', 4, 15, '0000-00-00 00:00:00', '', 0, '', '', '', 0, '', '', '', NULL, NULL, NULL, NULL, NULL),
(47, 1, '全指戰術觸控強化手套', 980, '凹凸橡膠保護主關節，符合人體工學\r\n\r\n使用特殊尼龍材質，舒適、透氣，微彈性、不緊繃\r\n\r\n掌心EVA&複合材料，保護掌心\r\n\r\n指間觸屏設計，可使用任何觸控設備\r\n\r\n手腕處設有魔鬼氈，可調整鬆緊，不脫落', '尺寸：掌圍18~22', '重量：50 g', '材質:混和工程塑料', 'Made in Taiwan', '軍綠色', '狼棕色 XL號-01', '狼棕色 XL號-02', '狼棕色 XL號-03', '狼棕色 XL號-04', 4, 15, '0000-00-00 00:00:00', '', 0, '', '', '', 0, '', '', '', NULL, NULL, NULL, NULL, NULL),
(48, 1, 'First Tactical 第一戰術', 2399, '正面 & 兩側 設有MOLLE規格織帶，正面 加設 絨面魔術貼\r\n\r\n使配件更穩固部脫落，也可自由裝置魔鬼氈！\r\n\r\n\r\n雙重 加厚肩帶、雙重 底部尼龍布保護\r\n\r\n更耐重、更耐用！\r\n\r\n\r\n主間隔 可180度打開，內部設有拉鏈網袋\r\n\r\n再也不會因為零件掉到最底部而找不到！\r\n\r\n\r\n背部可插入長槍袋\r\n\r\n誰說槍袋沒地方放？放背包就好啦！', '尺寸：\r\n\r\n27.9 cm x 43.2 cm ', '1000D 防水尼龍', 'YKK® 拉鍊', '重量：1.3 kg', '沙色', 'First Tactical 第一戰術-01', 'First Tactical 第一戰術-02', 'First Tactical 第一戰術-03', 'First Tactical 第一戰術-04', 4, 16, '0000-00-00 00:00:00', '', 0, '', '', '', 0, '', '', '', NULL, NULL, NULL, NULL, NULL),
(49, 1, '三角造型戰術背包', 550, '上方 設有 1個拉鍊收納袋，\r\n\r\n前方 也設有 1個 隱藏式模鬼氈口袋& 2個網袋。\r\n\r\n\r\n背包可完全展開，全開為向上開啟，\r\n\r\n內部設有 1個鬆緊安全袋。\r\n\r\n\r\n可調式 背帶 & 快拆式固定腰帶，\r\n\r\n並再多處設有 Molle系統 可隨意配置戰術配件。\r\n\r\n背包背面加強增厚緩衝墊，背起來更舒適！', '尺寸：50 x 23', '重量：150 g', 'Made in Taiwan', '材質:混和工程塑料', '軍綠色', '三角造型戰術背包-01', '三角造型戰術背包-02', '三角造型戰術背包-03', '三角造型戰術背包-04', 4, 16, '0000-00-00 00:00:00', '', 0, '', '', '', 0, '', '', '', NULL, NULL, NULL, NULL, NULL),
(50, 1, 'CP多地型迷彩~戰術特務包', 1280, 'CP多地型迷彩~戰術特務包\r\n\r\n~輕便包款~\r\n\r\n設有 2個魔鬼氈收納袋，\r\n\r\n內側大置物袋設有 2個安全收納袋 及 固定彈匣鬆緊帶。', '尺寸：42 x 30 x 11 cm', '重量：500 g', '材質:混和工程塑料', 'Made in Taiwan', '沙色', '戰術特務包-01', '戰術特務包-02', '戰術特務包-03', '戰術特務包-04', 4, 16, '0000-00-00 00:00:00', '', 0, '', '', '', 0, '', '', '', NULL, NULL, NULL, NULL, NULL),
(51, 1, 'First Tactical 第一戰術', 3360, '使用尼龍500D外觀和10mm閉孔泡沫進行填充\r\n\r\n更耐重、更耐用，給予愛槍更好的保護！\r\n\r\n\r\n背帶無聲固定鎖\r\n\r\n第一戰術通系統掛鉤\r\n\r\n背部可插入長槍袋\r\n\r\n誰說槍袋沒地方放？放背包就好啦！', '尺寸：132.1 cm x 26.7 cm x 3.8 cm\r\n\r\n27.9 cm x 43.2 cm ', '1000D 防水尼龍', 'YKK® 拉鍊', '重量：1.3 kg', '黑', 'First Tactical 第一戰術 127公分長槍袋-01', 'First Tactical 第一戰術 127公分長槍袋-02', 'First Tactical 第一戰術 127公分長槍袋-03', 'First Tactical 第一戰術 127公分長槍袋-04', 4, 18, '0000-00-00 00:00:00', '', 0, '', '', '', 0, '', '', '', NULL, NULL, NULL, NULL, NULL),
(52, 1, 'First Tactical 第一戰術', 3360, '使用尼龍500D外觀和10mm閉孔泡沫進行填充\r\n\r\n更耐重、更耐用，給予愛槍更好的保護！\r\n\r\n\r\n背帶無聲固定鎖\r\n\r\n第一戰術通系統掛鉤\r\n\r\n背部可插入長槍袋\r\n\r\n誰說槍袋沒地方放？放背包就好啦！', '整體尺寸：111.8 cm x 26.7 cm', '重量：150 g', 'Made in Taiwan', '材質:混和工程塑料', '沙色', '沙色~First Tactical 第一戰術 106公分長槍袋-01', '沙色~First Tactical 第一戰術 106公分長槍袋-02', '沙色~First Tactical 第一戰術 106公分長槍袋-03', '沙色~First Tactical 第一戰術 106公分長槍袋-04', 4, 18, '0000-00-00 00:00:00', '', 0, '', '', '', 0, '', '', '', NULL, NULL, NULL, NULL, NULL),
(53, 1, '50機槍 彈藥箱', 1100, '可當工具箱\r\n\r\n放入防潮包可當防潮箱\r\n\r\n可裝易燃物(電池)，防止燃燒蔓延\r\n\r\n內外都有做液體烤漆保護，淋到雨不會生鏽', '箱內長 277mm', '寬 140mm', '高 175mm', '重量 2.58Kg(公斤)', '綠色', '50機槍 彈藥箱-01', '50機槍 彈藥箱-02', '50機槍 彈藥箱-03', '50機槍 彈藥箱-04', 4, 19, '0000-00-00 00:00:00', '', 0, '', '', '', 0, '', '', '', NULL, NULL, NULL, NULL, NULL),
(54, 1, '帆布拉鍊 戰鬥靴', 800, '台灣製造\r\n\r\n牛皮皮革&帆布包覆，舒適又好穿，\r\n\r\n並在兩側加強透氣，\r\n\r\n加工車縫橡膠鞋底，更耐操、更耐磨，\r\n\r\n鞋帶拉鍊組合設計，可自由挑整鬆緊，並搭配拉鍊可快速穿脫！', '尺寸：10	', '重量： 641g(一隻)', 'YKK® 拉鍊', 'Made in Taiwan', '黑色', 'MIT 帆布拉鍊 戰鬥靴-01', 'MIT 帆布拉鍊 戰鬥靴-02', 'MIT 帆布拉鍊 戰鬥靴-03', 'MIT 帆布拉鍊 戰鬥靴-04', 5, 24, '0000-00-00 00:00:00', '', 0, '', '', '', 0, '', '', '', NULL, NULL, NULL, NULL, NULL),
(55, 1, '短筒戰鬥靴', 750, '腳部包附舒適、緊實，橡膠防滑鞋底，重量輕。\r\n\r\n適合生存遊戲、戶外運動、健行等穿著', '尺寸：10	', '重量：250 g(一隻)', 'Made in Taiwan', '材質:布', '沙色', '短筒戰鬥靴-01', '短筒戰鬥靴-02', '短筒戰鬥靴-03', '短筒戰鬥靴-04', 5, 24, '0000-00-00 00:00:00', '', 0, '', '', '', 0, '', '', '', NULL, NULL, NULL, NULL, NULL),
(56, 1, '高筒戰術突擊靴', 3450, '\r\n多重設計，腳部包附更舒適、緊實；\r\n\r\n靴身側拉鍊設計加上尼龍鞋帶，穿脫更方便，\r\n\r\n靴口處配有魔鬼氈，使鞋型更牢固，減輕運動時或外部帶來的傷害。\r\n\r\n ', '尺寸：15', '重量：650 g(一隻)', '材質:真皮', 'Made in Taiwan', '黑', '高筒戰術突擊靴-01', '高筒戰術突擊靴-02', '高筒戰術突擊靴-03', '高筒戰術突擊靴-04', 5, 24, '0000-00-00 00:00:00', '', 0, '', '', '', 0, '', '', '', NULL, NULL, NULL, NULL, NULL),
(57, 1, 'First Tactical 第一戰術', 3360, '使用尼龍500D外觀和10mm閉孔泡沫進行填充\r\n\r\n更耐重、更耐用，給予愛槍更好的保護！\r\n\r\n\r\n背帶無聲固定鎖\r\n\r\n第一戰術通系統掛鉤\r\n\r\n背部可插入長槍袋\r\n\r\n誰說槍袋沒地方放？放背包就好啦！', '尺寸：132.1 cm x 26.7 cm x 3.8 cm\r\n\r\n27.9 cm x 43.2 cm ', '1000D 防水尼龍', 'YKK® 拉鍊', '重量：1.3 kg', '黑', 'First Tactical 第一戰術 127公分長槍袋-01', 'First Tactical 第一戰術 127公分長槍袋-02', 'First Tactical 第一戰術 127公分長槍袋-03', 'First Tactical 第一戰術 127公分長槍袋-04', 4, 18, '0000-00-00 00:00:00', '', 0, '', '', '', 0, '', '', '', NULL, NULL, NULL, NULL, NULL),
(58, 1, '警星 軍警戰術裝備 M.O.D. II', 3150, '100% 杜邦/DuPont Cordura(R)製作，兼具輕量舒適與耐用性!\r\n\r\n採用進口 ITW Nexus(R) 扣具與 Stimpson(R) 銅扣，與美軍一線裝備同步\r\n\r\n完全模組化設計，相容於各型 MOD 戰術背心模組彈袋、雜物包', 'M16步槍雙彈匣袋 x4', 'M249 200連彈袋 x1', '戰術突擊背包 x1', '材質：杜邦/DuPont 1000-Denier CORDURA®', '沙色', '警星 軍警戰術裝備 M.O.D. II-01', '警星 軍警戰術裝備 M.O.D. II-02', '警星 軍警戰術裝備 M.O.D. II-03', '警星 軍警戰術裝備 M.O.D. II-04', 5, 21, '0000-00-00 00:00:00', '', 0, '', '', '', 0, '', '', '', NULL, NULL, NULL, NULL, NULL),
(59, 1, '軍警戰術裝備 美國 SWAT', 4900, '採用新款杜邦/DuPont 500-Denier CORDURA\r\n\r\n100% 杜邦/DuPont Cordura(R)製作，兼具輕量舒適與耐用性 \r\n\r\n採用進口 ITW Nexus(R) 扣具與DOT (Pull the dot)單向釦，與實物裝備同步\r\n\r\n特殊材質防滑墊肩、護領及左右護肩可拆卸\r\n\r\n背心本體正背面，完全模組化設計', '一個M16步槍雙彈匣袋', '一個MP5彈匣袋', '一組震撼彈袋', '一個小雜物包', '黑色', '軍警戰術裝備 美國 SWAT-02', '軍警戰術裝備 美國 SWAT-01', '軍警戰術裝備 美國 SWAT-03', '軍警戰術裝備 美國 SWAT-04', 5, 21, '0000-00-00 00:00:00', '', 0, '', '', '', 0, '', '', '', NULL, NULL, NULL, NULL, NULL),
(60, 1, '5.11 Pro Shirt 美國原廠正品', 2100, '9 盎司吸濕排汗彈尼龍製成\r\n\r\n保證了絕佳的透氣性和活動自由\r\n\r\n袖子和腋下由帶孔紡紗羅布料，增強透氣性\r\n\r\n袖子上有加寬筆袋，兩個前胸口袋\r\n\r\n主要壓力點加固設計，RAPI Draw™ 系列方便取物門襟設計，方便拿取物品', 'Improved ventilation and mobility', 'Moisture wicking action', 'Extra wide pen pockets on each sleeve', 'Dual chest patch pockets', '黑色與沙色', '5.11 Pro Shirt 美國原廠正品-01', '5.11 Pro Shirt 美國原廠正品-02', '5.11 Pro Shirt 美國原廠正品-03', '5.11 Pro Shirt 美國原廠正品-04', 5, 20, '0000-00-00 00:00:00', '', 0, '', '', '', 0, '', '', '', NULL, NULL, NULL, NULL, NULL),
(61, 1, 'TAD V4.0 鯊魚皮潛行者軟殼外套', 1299, '9 盎司吸濕排汗彈尼龍製成\n\n保證了絕佳的透氣性和活動自由\n\n袖子和腋下由帶孔紡紗羅布料，增強透氣性\n\n袖子上有加寬筆袋，兩個前胸口袋\n\n主要壓力點加固設計，RAPI Draw™ 系列方便取物門襟設計，方便拿取物品', 'wicking action', 'Improved ventilation and mobility', 'Dual chest patch pockets', 'Moisture wicking action', '綠色', 'TAD V4.0 鯊魚皮潛行者軟殼外套-01', 'TAD V4.0 鯊魚皮潛行者軟殼外套-02', 'TAD V4.0 鯊魚皮潛行者軟殼外套-03', 'TAD V4.0 鯊魚皮潛行者軟殼外套-04', 5, 20, '0000-00-00 00:00:00', '', 0, '', '', '', 0, '', '', '', NULL, NULL, NULL, NULL, NULL),
(62, 1, '軍警戰術裝備 戰術護肘', 700, '100% 杜邦/DuPont Cordura(R)製作，兼具輕量舒適', '材質：杜邦/DuPont 1000-Denier CORDURA(R) ', '重量：300g', '最佳防護', 'Made in Taiwan', '軍綠色', '軍警戰術裝備 戰術護肘-01', '軍警戰術裝備 戰術護肘-02', '軍警戰術裝備 戰術護肘-03', '軍警戰術裝備 戰術護肘-04', 5, 23, '0000-00-00 00:00:00', '', 0, '', '', '', 0, '', '', '', NULL, NULL, NULL, NULL, NULL),
(63, 1, '多地形迷彩~愛默生 變形金剛 HATCH 護具', 750, '穿戴方便、舒適、不易變形\r\n\r\n護膝一對、護肘一對', '材質：杜邦/DuPont 1000-Denier CORDURA(R) ', '重量：300g', '最佳防護', 'Made in Taiwan', '沙色', '多地形迷彩~愛默生 變形金剛 HATCH 護具-01', '多地形迷彩~愛默生 變形金剛 HATCH 護具-02', '多地形迷彩~愛默生 變形金剛 HATCH 護具-03', '多地形迷彩~愛默生 變形金剛 HATCH 護具-04', 5, 23, '0000-00-00 00:00:00', '', 0, '', '', '', 0, '', '', '', NULL, NULL, NULL, NULL, NULL),
(64, 1, '叢林迷彩~護具組護膝、護肘', 350, '強化壓克力板製作，內有海棉襯墊，\r\n\r\n使用魔鬼沾綁帶固定於膝蓋及手肘。', '重量：300g', 'Made in Taiwan', '沙色', '材質：杜邦/DuPont 1000-Denier CORDURA(R) ', '迷彩色', '叢林迷彩~護具組護膝、護肘-01', '叢林迷彩~護具組護膝、護肘-02', '叢林迷彩~護具組護膝、護肘-03', '叢林迷彩~護具組護膝、護肘-04', 5, 23, '0000-00-00 00:00:00', '', 0, '', '', '', 0, '', '', '', NULL, NULL, NULL, NULL, NULL),
(65, 1, 'TRU-SPEC 24-7 亞洲版戰術褲', 1520, '符合亞洲人身材緊致剪裁設計\r\n\r\nYKK 銅扣拉鍊\r\n\r\n舒適合身彈性腰頭設計\r\n\r\n膝部立體剪裁\r\n\r\n傾斜式魔鬼氈上蓋，左右褲管兩個大腿側袋\r\n\r\n大腿側袋旁兩個加大尺寸貼袋可放進五吋手機', '材質: 6.5盎司 ', 'TeflonR 塗層聚酯纖維棉格子紋布', 'YKK 銅扣拉鍊', '膝部立體剪裁', '狼棕色', 'TRU-SPEC 24-7 亞洲版戰術褲-01', 'TRU-SPEC 24-7 亞洲版戰術褲-02', 'TRU-SPEC 24-7 亞洲版戰術褲-03', 'TRU-SPEC 24-7 亞洲版戰術褲-04', 5, 22, '0000-00-00 00:00:00', '', 0, '', '', '', 0, '', '', '', NULL, NULL, NULL, NULL, NULL),
(66, 0, '哪吒的森林', 400, '樹林三太子主揪開團，周五的下午歡迎一起來同樂！', '', '', '', '', '', 'living-roomj_哪吒的森林.jpg', '', '', '', 0, 0, '2017-04-28 14:00:00', '野地叢林', 1, '團隊死鬥', '', '16vs16', 20, '會員主辦', '步槍(全自動)100-120 半自動120-140 狙擊槍180以下,禁用CO2直壓槍', '一發陣亡制', 1, NULL, 1, NULL, '2017-01-02 10:00:00'),
(67, 0, '北北基同樂會', 400, '我們的場地開幕囉~住台北的玩家歡迎來玩，現場也提供裝備和教學，一起來體驗滿滿的大~前~線！', '', '', '', '', '', 'd10e8d7b21_北北基同樂會.jpg', '', '', '', 0, 0, '2017-04-29 10:00:00', '野地叢林', 1, '團隊死鬥', '', '20vs20', 36, '店家主辦', '★遊戲槍槍口出速限制：(皆以0.2G-BB彈並須經測速器檢測)', '一發陣亡制', 1, NULL, NULL, NULL, '2017-04-03 11:00:00'),
(68, 0, '第二滴血', 400, '我們是Rambo mombo槍隊，平日周六皆會出團，特別偏好叢林場地，不管是槍隊或是散兵都歡迎跟團，參加活動的朋友會送紅頭巾一條。', '', '', '', '', '', '9073252_第二滴血.jpg', '', '', '', 0, 0, '2017-05-01 14:00:00', '野地叢林', 1, '全面征服', '', '20vs20', 18, '槍隊比賽', '電槍槍口出速:0.2gBB彈125以下\r\n手槍(限瓦斯動力):0.2g100以下 \r\n狙擊槍(拉一打一)(限空氣動力):0.2g135以下 \r\n狙擊槍(電動狙擊):0.2g135以下\r\n', '一發陣亡制', 1, '42,43,44,45,46', 43, 4, '2017-04-15 16:00:00'),
(69, 0, '最後的?戰役 ', 600, '夏天已經不遠，在硝煙中是否會想起冰棒汽水的味道？Team J解散前的最後戰役，三年感謝，期待戰場上的老屁股與新朋友都能齊聚一堂。', '', '', '', '', '', 'hqdefault_最後的？戰役.jpg', '', '', '', 0, 0, '2017-05-14 10:00:00', '野地叢林', 2, '全面征服', '全面征服', '25vs25', 15, '槍隊比賽', '狙擊 140m/s +10 max (限手拉);步槍 120m/s +10 max;手槍 100m/s +10 max', '一發陣亡制', 1, '29,30,39,40,41', 41, 3, '2017-04-23 22:00:00'),
(70, 0, '行動代號：翡翠', 400, '我是阿湯，半年沒有著裝上場啦，新五泰的朋友們有空一起來聚聚吧；這次玩搶旗制，戰場時間05151500，目標就是──我兒子的彈珠啦。', '', '', '', '', '', '516273758_行動代號：翡翠.jpg', '', '', '', 0, 0, '2017-05-15 15:00:00', '野地叢林', 1, '搶奪旗幟', '', '16vs16', 14, '會員主辦', '步槍100~130 狙擊槍150以下', '摳摳樂', 1, NULL, 30, NULL, '2017-04-17 10:00:00'),
(71, 0, '桃園的都來啦 ', 400, '有桃園的戰友想在周五下班後一起活動筋骨嗎？小弟再請杯涼的飲料，大前線見囉！', '', '', '', '', '', 'photo_桃園的都來啦.jpg', '', '', '', 0, 0, '2017-05-12 19:00:00', '街道巷戰', 1, '團隊死鬥', '', '25vs25', 34, '會員主辦', '0.2g BB彈測 130m/s以下', '大逃殺', 1, NULL, 39, NULL, '2017-04-15 14:00:00'),
(72, 0, '皇后大道東北東', 400, '開團來看看新場地的市街區', '', '', '', '', '', '3069416022_皇后大道東北東.jpg', '', '', '', 0, 0, '2017-05-27 14:00:00', '街道巷戰', 1, '團隊死鬥', '', '20vs20', 8, '會員主辦', '步槍0.2,125m/s 5公尺內不能開槍.只能換副武,狙擊槍0.2,160m/s 10公尺內不能開槍.只能換副武(或多帶一把長槍)；禁止CO2 下場', '一發陣亡', 1, NULL, 29, NULL, '2017-04-17 19:00:00'),
(73, 0, '美濃狙擊手', 400, '人稱美濃彭于晏的阿興回來啦，帶著四次教召都滿靶的傳說，還有英國製的狙擊槍來約戰，歡迎各路好手一起同樂！', '', '', '', '', '', 'american-sniper_美濃狙擊手.jpg', '', '', '', 0, 0, '2017-05-19 14:00:00', '街道巷戰', 1, '全面征服', '', '20vs20', 20, '會員主辦', '狙擊槍初速: 160±15。(連Ｇ限單發模式，禁CO2)\r\n   BB彈重量: 0.25g。', '一發陣亡', 1, NULL, 40, NULL, '2017-04-22 08:00:00'),
(74, 0, '世界末日', 400, '就在下個月中，我們家老二要來報到啦，在準備迎接一段睡不飽的日子前，來個末日大解放吧！', '', '', '', '', '', 'cryingbaby_世界末日.jpg', '', '', '', 0, 0, '2017-05-20 17:00:00', '街道巷戰', 1, '全面征服', '', '25vs25', 39, '會員主辦', '小槍100 步槍130 GBB原廠 狙擊170 禁CO2&火藥', '明顯陣亡制', 1, NULL, 45, NULL, '2017-04-04 20:00:00'),
(75, 0, '阿怪生日放山豬', 400, '金庸寫了江南七怪，台北出了個新莊阿怪。我們的阿怪大爺4/1生日啦，只好來放個山豬囉，217的大家一起來！', '', '', '', '', '', 'd1752464_阿怪生日放山豬.jpg', '', '', '', 0, 0, '2017-04-01 15:00:00', '街道巷戰', 1, '全面征服', '', '16vs16', 30, '會員主辦', '阿怪只能拿水槍', '摳摳樂', 0, NULL, 41, NULL, '2017-03-26 14:00:00'),
(76, 0, '老皮提款卡密碼', 400, '老皮說他卡裡只剩一千多塊，決定作為隊上的彈藥基金，這次搶旗的目標就是──老皮的提款卡密碼，已經裝在轉蛋裡。獲勝隊伍請負責老皮下個月的飯錢，謝謝！', '', '', '', '', '', '605050_老皮提款機密碼.jpg', '', '', '', 0, 0, '2017-05-28 15:00:00', '街道巷戰', 1, '搶奪旗幟', '', '20vs20', 28, '槍隊比賽', '電動槍:120以內、瓦斯槍:100~120以內(含手槍)、CO2槍可攜帶但不可下場', '一發陣亡', 1, '1,2,3,4,5', 1, 1, '2017-04-25 11:00:00'),
(77, 0, 'BBBK場', 400, '大家好，我們是大前線！在園地成立的規劃中，我們安排了一塊羅列障礙物的廣場，希望帶給玩家們快節奏的活動樂趣，館長特別提供這次活動的優勝獎勵──謝金燕的專輯CD！！！週五的晚上，我們前─線─見！\r\n', '', '', '', '', '', '36286C92_BBBK場.jpg', '', '', '', 0, 0, '2017-04-15 19:00:00', '路障廣場', 1, '團隊死鬥', '', '20vs20', 36, '店家主辦', '★遊戲槍槍口出速限制：(皆以0.2G-BB彈並須經測速器檢測)', '一發陣亡制', 0, NULL, NULL, NULL, '2017-04-05 12:00:00'),
(78, 0, '黑豹周二固定團', 400, '哈囉~我們是上上個月剛成立的槍隊，持續招收新血，現在為了鼓勵活動和磨練技術(？)，固定租下週二晚上的場地，歡迎各路朋友一起來玩！最後，我們是黑豹不是黑貓，沒有在宅配的啦！', '', '', '', '', '', '3060000004126b_黑豹周二固定團.jpg', '', '', '', 0, 0, '2017-04-25 19:00:00', '路障廣場', 1, '團隊死鬥', '', '16vs16', 27, '槍隊比賽', '電槍130±10  GBB140±10  手拉狙擊160±10  電動狙擊140±10(限單發)', '一發陣亡', 1, '30,39,40,41,42', 39, 3, '2017-04-18 22:00:00'),
(79, 0, '阿寶的野望', 400, '阿寶想要一把德製的G36~阿寶想要一把德製的G36~阿寶想要一把德製的G36~\r\n希望店家能夠趕快進口出個佛心價。(以上是標題)探險活飽的各位，週六見啦！\r\n', '', '', '', '', '', 'abao_阿寶的野望.jpg', '', '', '', 0, 0, '2017-04-29 09:00:00', '路障廣場', 1, '全面征服', '', '20vs20', 21, '槍隊比賽', '電動槍:120以內、瓦斯槍:100~120以內(含手槍)、CO2槍可攜帶但不可下場', '一發陣亡', 1, '6,25,26,27,28', 28, 2, '2017-02-24 17:00:00'),
(80, 0, '秒速五公厘', 400, '難得發現有整理過的室內場地，開團來走跳一下，目標兩邊隊伍各徵滿十個就入場！', '', '', '', '', '', 'HighFrequencyTrading1_秒速五公厘.jpg', '', '', '', 0, 0, '2017-05-05 17:00:00', '建築肅清', 1, '團隊死鬥', '', '20vs20', 16, '會員主辦', '電槍120m/s\r\n空氣狙擊槍150m/s', '大逃殺', 1, NULL, 25, NULL, '2017-04-10 18:00:00'),
(81, 0, 'CQBclass', 600, '聽過湯姆克蘭西的虹彩六號小隊嗎？軍事衝突的形式與地點，在今日可能會發生在大樓的走廊上，辦公室的門邊。保一總隊前訓練官現場指導，大前線店家槍隊工作人員全程陪同，歡迎一起來體驗CQB的氛圍！', '', '', '', '', '', 'fsbspetsnaz_CQBclass.jpg', '', '', '', 0, 0, '2017-05-13 13:00:00', '建築肅清', 1, '團隊死鬥', '團隊死鬥', '12vs12', 22, '新手專區', '★遊戲槍槍口出速限制：(皆以0.2G-BB彈並須經測速器檢測)', '團隊戰術', 1, NULL, 1, NULL, '2017-04-23 10:00:00'),
(82, 0, '倒數四十八分鐘', 400, '我們是威狼槍隊，上回的活動中，八里遊騎兵成功地引爆了炸彈；這次我們決定再次舉辦活動，兩隊各開放四名的參加名額。', '', '', '', '', '', 'article_倒數四十八分鐘.jpg', '', '', '', 0, 0, '2017-05-07 14:00:00', '建築肅清', 1, '炸彈威脅', '', '12vs12', 16, '槍隊比賽', '短槍零距離、長槍五公尺內禁開槍、狙擊十公尺內禁開槍', '一發陣亡', 1, '1,2,3,4,5', 3, 1, '2017-04-18 13:00:00'),
(83, 0, '搶救雷恩二等兵', 400, '五月的活動出來囉，我們決定到樹林這邊的新場地，這次當人質的是龜山島的二廚秉恩，活動結束龜山島見！', '', '', '', '', '', '110_搶救雷恩二等兵.jpg', '', '', '', 0, 0, '2017-05-27 16:00:00', '建築肅清', 1, '人質營救', '', '12vs12', 20, '會員主辦', '小槍100步槍130狙擊170', '重點陣亡', 1, NULL, 3, NULL, '2017-01-09 17:00:00'),
(84, 0, '洞八路人大對抗', 400, '樹林的場地開幕啦~鄉親父老相揪叨陣來看麥，路人行人都歡迎，我們洞八吃早餐，洞九開打！', '', '', '', '', '', 'ClockHours_洞八路人大對抗.jpg', '', '', '', 0, 0, '2017-04-20 09:00:00', '街道巷戰', 1, '團隊死鬥', '', '16vs16', 24, '會員主辦', '狙擊槍150內 其他槍種100內', '摳摳樂', 0, NULL, 2, NULL, '2017-04-03 11:00:00'),
(85, 0, '週日前線下午茶', 400, '在一個禮拜的忙碌後，周日下午的悠閒時光，讓我們喝杯咖啡，然後......背起槍袋，拍拍門邊的夥伴\"Hey!It\'s tea time!!!\"(活動現場準備了手沖咖啡，歡迎來到大前線，與我們一起享受咖啡時光)', '', '', '', '', '', 'GunMug_週日前線下午茶.jpg', '', '', '', 0, 0, '2017-04-30 15:00:00', '街道巷戰', 1, '全面征服', '', '20vs20', 26, '會員主辦', '1.手槍 初速90~100 (0.2gBB)\r\n2.步槍 初速120~130 (0.2g BB)\r\n3.狙擊槍 初速150以下 (0.2g BB)', '一發陣亡，五發喝咖啡', 1, NULL, 5, 1, '2017-02-16 21:00:00'),
(99, 1, '5.11-CALDUS-戰術手套', 1980, '凹凸橡膠保護主關節，符合人體工學\r\n\r\n使用特殊尼龍材質，舒適、透氣，微彈性、不緊繃\r\n\r\n掌心EVA&複合材料，保護掌心\r\n\r\n指間觸屏設計，可使用任何觸控設備\r\n\r\n手腕處設有魔鬼氈，可調整鬆緊，不脫落', '尺寸：掌圍18~22', '重量：50 g', 'Made in Taiwan', '材質:混和工程塑料', '黑色', '5.11-CALDUS-戰術手套-黑色-01', '5.11-CALDUS-戰術手套-黑色-02', '5.11-CALDUS-戰術手套-黑色-03', '5.11-CALDUS-戰術手套-黑色-04', 4, 15, '0000-00-00 00:00:00', '', 0, '', '', '', 0, '', '', '', NULL, NULL, NULL, NULL, NULL),
(100, 1, '全指戰術觸控強化手套', 1299, '凹凸橡膠保護主關節，符合人體工學\r\n\r\n使用特殊尼龍材質，舒適、透氣，微彈性、不緊繃\r\n\r\n掌心EVA&複合材料，保護掌心\r\n\r\n指間觸屏設計，可使用任何觸控設備\r\n\r\n手腕處設有魔鬼氈，可調整鬆緊，不脫落', '尺寸：掌圍18~22', '重量：50 g', '材質:混和工程塑料', 'Made in Taiwan', '黑色', '5.11-TACAK2-戰術手套-黑色-01', '5.11-TACAK2-戰術手套-黑色-02', '5.11-TACAK2-戰術手套-黑色-03', '5.11-TACAK2-戰術手套-黑色-04', 4, 15, '0000-00-00 00:00:00', '', 0, '', '', '', 0, '', '', '', NULL, NULL, NULL, NULL, NULL),
(101, 1, '5.11-POLO-短袖', 1390, '9 盎司吸濕排汗彈尼龍製成\r\n\r\n保證了絕佳的透氣性和活動自由\r\n\r\n袖子和腋下由帶孔紡紗羅布料，增強透氣性\r\n\r\n袖子上有加寬筆袋，兩個前胸口袋\r\n\r\n主要壓力點加固設計，RAPI Draw™ 系列方便取物門襟設計，方便拿取物品', 'Improved ventilation and mobility', 'Moisture wicking action', 'Extra wide pen pockets on each sleeve', 'Dual chest patch pockets', '白色', '5.11-POLO-短袖-白色-01', '5.11-POLO-短袖-白色-02', '5.11-POLO-短袖-白色-03', '5.11-POLO-短袖-白色-04', 5, 20, '0000-00-00 00:00:00', '', 0, '', '', '', 0, '', '', '', NULL, NULL, NULL, NULL, NULL),
(102, 1, '5.11-長袖戰術外衣-多地形迷彩', 3500, '9 盎司吸濕排汗彈尼龍製成\r\n\r\n保證了絕佳的透氣性和活動自由\r\n\r\n袖子和腋下由帶孔紡紗羅布料，增強透氣性\r\n\r\n袖子上有加寬筆袋，兩個前胸口袋\r\n\r\n主要壓力點加固設計，RAPI Draw™ 系列方便取物門襟設計，方便拿取物品', 'Improved ventilation and mobility', 'Moisture wicking action', 'Extra wide pen pockets on each sleeve', 'Dual chest patch pockets', '迷彩', '5.11-長袖戰術外衣-多地形迷彩-01', '5.11-長袖戰術外衣-多地形迷彩-02', '5.11-長袖戰術外衣-多地形迷彩-03', '5.11-長袖戰術外衣-多地形迷彩-04', 5, 20, '0000-00-00 00:00:00', '', 0, '', '', '', 0, '', '', '', NULL, NULL, NULL, NULL, NULL),
(103, 1, '美國海軍海豹部隊-叢林迷彩', 1299, '9 盎司吸濕排汗彈尼龍製成\r\n\r\n保證了絕佳的透氣性和活動自由\r\n\r\n袖子和腋下由帶孔紡紗羅布料，增強透氣性\r\n\r\n袖子上有加寬筆袋，兩個前胸口袋\r\n\r\n主要壓力點加固設計，RAPI Draw™ 系列方便取物門襟設計，方便拿取物品', 'wicking action', 'Improved ventilation and mobility', 'Dual chest patch pockets', 'Moisture wicking action', '叢林迷彩', '美國海軍海豹部隊-公發-叢林迷彩-01', '美國海軍海豹部隊-公發-叢林迷彩-02', '美國海軍海豹部隊-公發-叢林迷彩-03', '美國海軍海豹部隊-公發-叢林迷彩-04', 5, 20, '0000-00-00 00:00:00', '', 0, '', '', '', 0, '', '', '', NULL, NULL, NULL, NULL, NULL),
(104, 1, '5.11-POLO-短袖', 1390, '9 盎司吸濕排汗彈尼龍製成\r\n\r\n保證了絕佳的透氣性和活動自由\r\n\r\n袖子和腋下由帶孔紡紗羅布料，增強透氣性\r\n\r\n袖子上有加寬筆袋，兩個前胸口袋\r\n\r\n主要壓力點加固設計，RAPI Draw™ 系列方便取物門襟設計，方便拿取物品', 'Improved ventilation and mobility', 'Moisture wicking action', 'Extra wide pen pockets on each sleeve', 'Dual chest patch pockets', '綠色', '5.11-POLO-短袖-綠色-01', '5.11-POLO-短袖-綠色-02', '5.11-POLO-短袖-綠色-03', '5.11-POLO-短袖-綠色-04', 5, 20, '0000-00-00 00:00:00', '', 0, '', '', '', 0, '', '', '', NULL, NULL, NULL, NULL, NULL),
(105, 1, '多地形迷彩-戰鬥夾克', 1299, '9 盎司吸濕排汗彈尼龍製成\r\n\r\n保證了絕佳的透氣性和活動自由\r\n\r\n袖子和腋下由帶孔紡紗羅布料，增強透氣性\r\n\r\n袖子上有加寬筆袋，兩個前胸口袋\r\n\r\n主要壓力點加固設計，RAPI Draw™ 系列方便取物門襟設計，方便拿取物品', 'wicking action', 'Improved ventilation and mobility', 'Dual chest patch pockets', 'Moisture wicking action', '叢林迷彩', '英國陸軍-公發-多地形迷彩-戰鬥夾克-British Army - MTP COMBAT SHIRT JACKET-01', '英國陸軍-公發-多地形迷彩-戰鬥夾克-British Army - MTP COMBAT SHIRT JACKET-02', '英國陸軍-公發-多地形迷彩-戰鬥夾克-British Army - MTP COMBAT SHIRT JACKET-03', '英國陸軍-公發-多地形迷彩-戰鬥夾克-British Army - MTP COMBAT SHIRT JACKET-04', 5, 20, '0000-00-00 00:00:00', '', 0, '', '', '', 0, '', '', '', NULL, NULL, NULL, NULL, NULL),
(106, 1, '戰術背心-民用戰術背心', 3150, '100% 杜邦/DuPont Cordura(R)製作，兼具輕量舒適與耐用性!\r\n\r\n採用進口 ITW Nexus(R) 扣具與 Stimpson(R) 銅扣，與美軍一線裝備同步\r\n\r\n完全模組化設計，相容於各型 MOD 戰術背心模組彈袋、雜物包', 'M16步槍雙彈匣袋 x4', 'M249 200連彈袋 x1', '戰術突擊背包 x1', '材質：杜邦/DuPont 1000-Denier CORDURA®', '黑色', '戰術背心-民用戰術背心-黑色-01', '戰術背心-民用戰術背心-黑色-02', '戰術背心-民用戰術背心-黑色-03', '戰術背心-民用戰術背心-黑色-04', 5, 21, '0000-00-00 00:00:00', '', 0, '', '', '', 0, '', '', '', NULL, NULL, NULL, NULL, NULL),
(107, 1, '美軍戰術背心-叢林迷彩', 2450, '採用新款杜邦/DuPont 500-Denier CORDURA\r\n\r\n100% 杜邦/DuPont Cordura(R)製作，兼具輕量舒適與耐用性 \r\n\r\n採用進口 ITW Nexus(R) 扣具與DOT (Pull the dot)單向釦，與實物裝備同步\r\n\r\n特殊材質防滑墊肩、護領及左右護肩可拆卸\r\n\r\n背心本體正背面，完全模組化設計', '一個M16步槍雙彈匣袋', '一個MP5彈匣袋', '一組震撼彈袋', '一個小雜物包', '叢林迷彩', '戰術背心-美軍戰術背心-叢林迷彩-01', '戰術背心-美軍戰術背心-叢林迷彩-02', '戰術背心-美軍戰術背心-叢林迷彩-03', '戰術背心-美軍戰術背心-叢林迷彩-04', 5, 21, '0000-00-00 00:00:00', '', 0, '', '', '', 0, '', '', '', NULL, NULL, NULL, NULL, NULL),
(108, 1, '戰術背心-英軍戰術背心', 5900, '100% 杜邦/DuPont Cordura(R)製作，兼具輕量舒適與耐用性!\r\n\r\n採用進口 ITW Nexus(R) 扣具與 Stimpson(R) 銅扣，與美軍一線裝備同步\r\n\r\n完全模組化設計，相容於各型 MOD 戰術背心模組彈袋、雜物包', 'M16步槍雙彈匣袋 x4', 'M249 200連彈袋 x1', '戰術突擊背包 x1', '材質：杜邦/DuPont 1000-Denier CORDURA®', '沙色', '戰術背心-英軍戰術背心-沙色-01', '戰術背心-英軍戰術背心-沙色-02', '戰術背心-英軍戰術背心-沙色-03', '戰術背心-英軍戰術背心-沙色-04', 5, 21, '0000-00-00 00:00:00', '', 0, '', '', '', 0, '', '', '', NULL, NULL, NULL, NULL, NULL),
(109, 1, '5.11-FAST-TAC™ CARGO PANT', 1920, '符合亞洲人身材緊致剪裁設計\r\n\r\nYKK 銅扣拉鍊\r\n\r\n舒適合身彈性腰頭設計\r\n\r\n膝部立體剪裁\r\n\r\n傾斜式魔鬼氈上蓋，左右褲管兩個大腿側袋\r\n\r\n大腿側袋旁兩個加大尺寸貼袋可放進五吋手機', '材質: 6.5盎司 ', 'TeflonR 塗層聚酯纖維棉格子紋布', 'YKK 銅扣拉鍊', '膝部立體剪裁', '白色與沙色\r\n', '5.11-FAST-TAC™ CARGO PANT-工作長褲-白色-01', '5.11-FAST-TAC™ CARGO PANT-工作長褲-白色-02', '5.11-FAST-TAC™ CARGO PANT-工作長褲-白色-03', '5.11-FAST-TAC™ CARGO PANT-工作長褲-白色-04', 5, 22, '0000-00-00 00:00:00', '', 0, '', '', '', 0, '', '', '', NULL, NULL, NULL, NULL, NULL),
(110, 1, '5.11-XPRT-多地形迷彩', 2980, '符合亞洲人身材緊致剪裁設計\r\n\r\nYKK 銅扣拉鍊\r\n\r\n舒適合身彈性腰頭設計\r\n\r\n膝部立體剪裁\r\n\r\n傾斜式魔鬼氈上蓋，左右褲管兩個大腿側袋\r\n\r\n大腿側袋旁兩個加大尺寸貼袋可放進五吋手機', '材質: 6.5盎司 ', 'TeflonR 塗層聚酯纖維棉格子紋布', 'YKK 銅扣拉鍊', '膝部立體剪裁', '迷彩色', '5.11-XPRT-戰術長褲-多地形迷彩-01', '5.11-XPRT-戰術長褲-多地形迷彩-02', '5.11-XPRT-戰術長褲-多地形迷彩-03', '5.11-XPRT-戰術長褲-多地形迷彩-04', 5, 22, '0000-00-00 00:00:00', '', 0, '', '', '', 0, '', '', '', NULL, NULL, NULL, NULL, NULL),
(111, 1, '5.11-工作長褲-多地形迷彩', 1920, '符合亞洲人身材緊致剪裁設計\r\n\r\nYKK 銅扣拉鍊\r\n\r\n舒適合身彈性腰頭設計\r\n\r\n膝部立體剪裁\r\n\r\n傾斜式魔鬼氈上蓋，左右褲管兩個大腿側袋\r\n\r\n大腿側袋旁兩個加大尺寸貼袋可放進五吋手機', '材質: 6.5盎司 ', 'TeflonR 塗層聚酯纖維棉格子紋布', 'YKK 銅扣拉鍊', '膝部立體剪裁', '白色與沙色\r\n', '5.11-工作長褲-多地形迷彩-01', '5.11-工作長褲-多地形迷彩-02', '5.11-工作長褲-多地形迷彩-03', '5.11-工作長褲-多地形迷彩-04', 5, 22, '0000-00-00 00:00:00', '', 0, '', '', '', 0, '', '', '', NULL, NULL, NULL, NULL, NULL),
(112, 1, '英美合作臂章', 590, '英美合作圖案臂章', '英美合作圖案', '在背包衣服上可縫製', '高級布材', '尺寸:8CM*5CM', '彈性尼龍', '英美合作-01', '英美合作-02', '英美合作-03', '英美合作-04', 4, 17, '0000-00-00 00:00:00', '', 0, '', '', '', 0, '', '', '', NULL, NULL, NULL, NULL, NULL),
(113, 1, '血型圖案臂章', 590, '血型圖案臂章', '血型圖案臂章', '在背包衣服上可縫製', '高級布材', '尺寸:8CM*5CM', '彈性尼龍', '血型-01', '血型-02', '血型-03', '血型-04', 4, 17, '0000-00-00 00:00:00', '', 0, '', '', '', 0, '', '', '', NULL, NULL, NULL, NULL, NULL),
(114, 1, '國家臂章-01', 590, '國家圖案臂章', '國家圖案臂章', '在背包衣服上可縫製', '高級布材', '尺寸:8CM*5CM', '彈性尼龍', '國家-01', '國家-02', '國家-03', '國家-04', 4, 17, '0000-00-00 00:00:00', '', 0, '', '', '', 0, '', '', '', NULL, NULL, NULL, NULL, NULL),
(115, 1, '國家臂章-02', 590, '國家圖案臂章', '國家圖案臂章', '在背包衣服上可縫製', '高級布材', '尺寸:8CM*5CM', '彈性尼龍', '國家-05', '國家-06', '國家-07', '國家-08', 4, 17, '0000-00-00 00:00:00', '', 0, '', '', '', 0, '', '', '', NULL, NULL, NULL, NULL, NULL),
(116, 1, 'ARMYCAMOUSA 中型戶外背包', 2399, '正面 & 兩側 設有MOLLE規格織帶，正面 加設 絨面魔術貼\r\n\r\n使配件更穩固部脫落，也可自由裝置魔鬼氈！\r\n\r\n\r\n雙重 加厚肩帶、雙重 底部尼龍布保護\r\n\r\n更耐重、更耐用！\r\n\r\n\r\n主間隔 可180度打開，內部設有拉鏈網袋\r\n\r\n再也不會因為零件掉到最底部而找不到！\r\n\r\n\r\n背部可插入長槍袋\r\n\r\n誰說槍袋沒地方放？放背包就好啦！', '尺寸：\r\n\r\n27.9 cm x 43.2 cm ', '1000D 防水尼龍', 'YKK® 拉鍊', '重量：1.3 kg', '黑色', 'ARMYCAMOUSA 中型戶外背包-黑色-01', 'ARMYCAMOUSA 中型戶外背包-黑色-02', 'ARMYCAMOUSA 中型戶外背包-黑色-03', 'ARMYCAMOUSA 中型戶外背包-黑色-04', 4, 16, '0000-00-00 00:00:00', '', 0, '', '', '', 0, '', '', '', NULL, NULL, NULL, NULL, NULL),
(117, 1, 'ARMYCAMOUSA 中型戶外背包', 550, '上方 設有 1個拉鍊收納袋，\r\n\r\n前方 也設有 1個 隱藏式模鬼氈口袋& 2個網袋。\r\n\r\n\r\n背包可完全展開，全開為向上開啟，\r\n\r\n內部設有 1個鬆緊安全袋。\r\n\r\n\r\n可調式 背帶 & 快拆式固定腰帶，\r\n\r\n並再多處設有 Molle系統 可隨意配置戰術配件。\r\n\r\n背包背面加強增厚緩衝墊，背起來更舒適！', '尺寸：50 x 23', '重量：150 g', 'Made in Taiwan', '材質:混和工程塑料', '土黃色', 'ARMYCAMOUSA 中型戶外背包-土黃色-01', 'ARMYCAMOUSA 中型戶外背包-土黃色-02', 'ARMYCAMOUSA 中型戶外背包-土黃色-03', 'ARMYCAMOUSA 中型戶外背包-土黃色-04', 4, 16, '0000-00-00 00:00:00', '', 0, '', '', '', 0, '', '', '', NULL, NULL, NULL, NULL, NULL),
(118, 1, 'ARMYCAMOUSA 中型戶外背包', 1280, 'CP多地型迷彩~戰術特務包\r\n\r\n~輕便包款~\r\n\r\n設有 2個魔鬼氈收納袋，\r\n\r\n內側大置物袋設有 2個安全收納袋 及 固定彈匣鬆緊帶。', '尺寸：42 x 30 x 11 cm', '重量：500 g', '材質:混和工程塑料', 'Made in Taiwan', '多地形迷彩', 'ARMYCAMOUSA 中型戶外背包-多地形迷彩-01', 'ARMYCAMOUSA 中型戶外背包-多地形迷彩-02', 'ARMYCAMOUSA 中型戶外背包-多地形迷彩-03', 'ARMYCAMOUSA 中型戶外背包-多地形迷彩-04', 4, 16, '0000-00-00 00:00:00', '', 0, '', '', '', 0, '', '', '', NULL, NULL, NULL, NULL, NULL),
(119, 1, 'Direct Action 防塵戰術背包', 2399, '正面 & 兩側 設有MOLLE規格織帶，正面 加設 絨面魔術貼\r\n\r\n使配件更穩固部脫落，也可自由裝置魔鬼氈！\r\n\r\n\r\n雙重 加厚肩帶、雙重 底部尼龍布保護\r\n\r\n更耐重、更耐用！\r\n\r\n\r\n主間隔 可180度打開，內部設有拉鏈網袋\r\n\r\n再也不會因為零件掉到最底部而找不到！\r\n\r\n\r\n背部可插入長槍袋\r\n\r\n誰說槍袋沒地方放？放背包就好啦！', '尺寸：\r\n\r\n27.9 cm x 43.2 cm ', '1000D 防水尼龍', 'YKK® 拉鍊', '重量：1.3 kg', '沙色', 'Direct Action 防塵戰術背包-沙色-01', 'Direct Action 防塵戰術背包-沙色-02', 'Direct Action 防塵戰術背包-沙色-03', 'Direct Action 防塵戰術背包-沙色-04', 4, 16, '0000-00-00 00:00:00', '', 0, '', '', '', 0, '', '', '', NULL, NULL, NULL, NULL, NULL),
(120, 1, 'Direct Action 防塵戰術背包', 550, '上方 設有 1個拉鍊收納袋，\r\n\r\n前方 也設有 1個 隱藏式模鬼氈口袋& 2個網袋。\r\n\r\n\r\n背包可完全展開，全開為向上開啟，\r\n\r\n內部設有 1個鬆緊安全袋。\r\n\r\n\r\n可調式 背帶 & 快拆式固定腰帶，\r\n\r\n並再多處設有 Molle系統 可隨意配置戰術配件。\r\n\r\n背包背面加強增厚緩衝墊，背起來更舒適！', '尺寸：50 x 23', '重量：150 g', 'Made in Taiwan', '材質:混和工程塑料', '橄欖綠', 'Direct Action 防塵戰術背包-橄欖綠-01', 'Direct Action 防塵戰術背包-橄欖綠-02', 'Direct Action 防塵戰術背包-橄欖綠-03', 'Direct Action 防塵戰術背包-橄欖綠-04', 4, 16, '0000-00-00 00:00:00', '', 0, '', '', '', 0, '', '', '', NULL, NULL, NULL, NULL, NULL),
(121, 1, 'Direct Action 傳令兵戰術包', 1280, 'CP多地型迷彩~戰術特務包\r\n\r\n~輕便包款~\r\n\r\n設有 2個魔鬼氈收納袋，\r\n\r\n內側大置物袋設有 2個安全收納袋 及 固定彈匣鬆緊帶。', '尺寸：42 x 30 x 11 cm', '重量：500 g', '材質:混和工程塑料', 'Made in Taiwan', '沙色', 'Direct Action 傳令兵戰術包-沙色-01', 'Direct Action 傳令兵戰術包-沙色-02', 'Direct Action 傳令兵戰術包-沙色-03', 'Direct Action 傳令兵戰術包-沙色-04', 4, 16, '0000-00-00 00:00:00', '', 0, '', '', '', 0, '', '', '', NULL, NULL, NULL, NULL, NULL),
(122, 1, 'Direct Action 彈藥提包', 2399, '正面 & 兩側 設有MOLLE規格織帶，正面 加設 絨面魔術貼\r\n\r\n使配件更穩固部脫落，也可自由裝置魔鬼氈！\r\n\r\n\r\n雙重 加厚肩帶、雙重 底部尼龍布保護\r\n\r\n更耐重、更耐用！\r\n\r\n\r\n主間隔 可180度打開，內部設有拉鏈網袋\r\n\r\n再也不會因為零件掉到最底部而找不到！\r\n\r\n\r\n背部可插入長槍袋\r\n\r\n誰說槍袋沒地方放？放背包就好啦！', '尺寸：\r\n\r\n27.9 cm x 43.2 cm ', '1000D 防水尼龍', 'YKK® 拉鍊', '重量：1.3 kg', '黑色', 'Direct Action 彈藥提包-黑色-01', 'Direct Action 彈藥提包-黑色-02', 'Direct Action 彈藥提包-黑色-03', 'Direct Action 彈藥提包-黑色-04', 4, 16, '0000-00-00 00:00:00', '', 0, '', '', '', 0, '', '', '', NULL, NULL, NULL, NULL, NULL),
(123, 1, 'Direct Action 戰術匿蹤背包', 550, '上方 設有 1個拉鍊收納袋，\r\n\r\n前方 也設有 1個 隱藏式模鬼氈口袋& 2個網袋。\r\n\r\n\r\n背包可完全展開，全開為向上開啟，\r\n\r\n內部設有 1個鬆緊安全袋。\r\n\r\n\r\n可調式 背帶 & 快拆式固定腰帶，\r\n\r\n並再多處設有 Molle系統 可隨意配置戰術配件。\r\n\r\n背包背面加強增厚緩衝墊，背起來更舒適！', '尺寸：50 x 23', '重量：150 g', 'Made in Taiwan', '材質:混和工程塑料', '沙色迷彩', 'Direct Action 戰術匿蹤背包-沙漠迷彩-01', 'Direct Action 戰術匿蹤背包-沙漠迷彩-02', 'Direct Action 戰術匿蹤背包-沙漠迷彩-03', 'Direct Action 戰術匿蹤背包-沙漠迷彩-04', 4, 16, '0000-00-00 00:00:00', '', 0, '', '', '', 0, '', '', '', NULL, NULL, NULL, NULL, NULL),
(124, 1, 'Mardingtop 軍事戰術背包', 1280, 'CP多地型迷彩~戰術特務包\r\n\r\n~輕便包款~\r\n\r\n設有 2個魔鬼氈收納袋，\r\n\r\n內側大置物袋設有 2個安全收納袋 及 固定彈匣鬆緊帶。', '尺寸：42 x 30 x 11 cm', '重量：500 g', '材質:混和工程塑料', 'Made in Taiwan', '沙色', 'Mardingtop 軍事戰術背包-沙色-01', 'Mardingtop 軍事戰術背包-沙色-02', 'Mardingtop 軍事戰術背包-沙色-03', 'Mardingtop 軍事戰術背包-沙色-04', 4, 16, '0000-00-00 00:00:00', '', 0, '', '', '', 0, '', '', '', NULL, NULL, NULL, NULL, NULL),
(125, 1, '長槍-ICS-AK74-電動槍', 11500, '擬真操作體驗 \r\n\r\nEVO 3 A1在設計之初，\r\n \r\n就盡可能的以接近真槍操作體驗為出發點，\r\n \r\n不管是在重量、尺寸、刻字及操作特點上，\r\n \r\n都已經接近符合真槍使用上的感受，\r\n \r\n另外在彈匣無彈即刻斷電，\r\n \r\n重新上彈後需拉槍機拉柄上膛等真槍使用方式，\r\n \r\n相信都可以帶給各位精緻的擬真操作感受。', '總長：623/425 公厘', '重量：2400 克', '馬達：25000rpm 橘強磁長軸 ', '內管長度：208 公厘', '黑色', '長槍-ICS-AK74-電動槍-01', '長槍-ICS-AK74-電動槍-02', '長槍-ICS-AK74-電動槍-03', '長槍-ICS-AK74-電動槍-04', 6, 25, '0000-00-00 00:00:00', '', 0, '', '', '', 0, '', '', '', NULL, NULL, NULL, NULL, NULL),
(126, 1, '俄軍 艾爾發特種部隊-ZSH頭盔', 3600, '安全防護第一選擇', '尺寸：頭圍58-60合適', '重量：950 g', '材質:混和工程塑料', 'Made in Taiwan', '沙色', '俄軍 艾爾發特種部隊-ZSH頭盔-01', '俄軍 艾爾發特種部隊-ZSH頭盔-02', '俄軍 艾爾發特種部隊-ZSH頭盔-03', '俄軍 艾爾發特種部隊-ZSH頭盔-04', 4, 14, '0000-00-00 00:00:00', '', 0, '', '', '', 0, '', '', '', NULL, NULL, NULL, NULL, NULL),
(127, 1, '多地形迷彩-戰鬥夾克', 1299, '9 盎司吸濕排汗彈尼龍製成\r\n\r\n保證了絕佳的透氣性和活動自由\r\n\r\n袖子和腋下由帶孔紡紗羅布料，增強透氣性\r\n\r\n袖子上有加寬筆袋，兩個前胸口袋\r\n\r\n主要壓力點加固設計，RAPI Draw™ 系列方便取物門襟設計，方便拿取物品', 'wicking action', 'Improved ventilation and mobility', 'Dual chest patch pockets', 'Moisture wicking action', '叢林迷彩', '俄羅斯 公發GORKA-3 戰鬥服-1', '俄羅斯 公發GORKA-3 戰鬥服-2', '俄羅斯 公發GORKA-3 戰鬥服-3', '俄羅斯 公發GORKA-3 戰鬥服-4', 6, 25, '0000-00-00 00:00:00', '', 0, '', '', '', 0, '', '', '', NULL, NULL, NULL, NULL, NULL),
(128, 1, '俄羅斯 SSO-SMERSH 彈匣背心', 2450, '採用新款杜邦/DuPont 500-Denier CORDURA\r\n\r\n100% 杜邦/DuPont Cordura(R)製作，兼具輕量舒適與耐用性 \r\n\r\n採用進口 ITW Nexus(R) 扣具與DOT (Pull the dot)單向釦，與實物裝備同步\r\n\r\n特殊材質防滑墊肩、護領及左右護肩可拆卸\r\n\r\n背心本體正背面，完全模組化設計', '一個M16步槍雙彈匣袋', '一個MP5彈匣袋', '一組震撼彈袋', '一個小雜物包', '叢林迷彩', '俄羅斯 SSO-SMERSH 彈匣背心-1', '俄羅斯 SSO-SMERSH 彈匣背心-2', '俄羅斯 SSO-SMERSH 彈匣背心-3', '俄羅斯 SSO-SMERSH 彈匣背心-4', 6, 25, '0000-00-00 00:00:00', '', 0, '', '', '', 0, '', '', '', NULL, NULL, NULL, NULL, NULL),
(129, 1, '5.11-CALDUS-戰術手套', 4100, '安全防護第一選擇', '尺寸：掌圍18~22', '重量：50 g', 'Made in Taiwan', '材質:混和工程塑料', '黑色', '5.11-CALDUS-戰術手套-黑色-01', '5.11-CALDUS-戰術手套-黑色-02', '5.11-CALDUS-戰術手套-黑色-03', '5.11-CALDUS-戰術手套-黑色-04', 6, 25, '0000-00-00 00:00:00', '', 0, '', '', '', 0, '', '', '', NULL, NULL, NULL, NULL, NULL),
(130, 1, 'Elemart 護目鏡', 1820, '符合人體工學\r\n\r\n使用特殊尼龍材質，舒適、透氣，微彈性、不緊繃\r\n\r\n掌心EVA&複合材料，保護掌心\r\n\r\n指間觸屏設計，可使用任何觸控設備\r\n\r\n手腕處設有魔鬼氈，可調整鬆緊，不脫落', '尺寸：18', '重量：235 g', '材質:混和工程塑料', 'Made in Taiwan', '黑色', 'Elemart 護目鏡-黑色01', 'Elemart 護目鏡-黑色02', 'Elemart 護目鏡-黑色03', 'Elemart 護目鏡-黑色04', 6, 25, '0000-00-00 00:00:00', '', 0, '', '', '', 0, '', '', '', NULL, NULL, NULL, NULL, NULL),
(131, 1, '5.11-CALDUS-戰術手套', 4100, '安全防護第一選擇', '尺寸：掌圍18~22', '重量：50 g', 'Made in Taiwan', '材質:混和工程塑料', '黑色', '5.11-CALDUS-戰術手套-黑色-01', '5.11-CALDUS-戰術手套-黑色-02', '5.11-CALDUS-戰術手套-黑色-03', '5.11-CALDUS-戰術手套-黑色-04', 6, 26, '0000-00-00 00:00:00', '', 0, '', '', '', 0, '', '', '', NULL, NULL, NULL, NULL, NULL),
(132, 1, '長槍-VFC-MK12-電動槍', 11500, '擬真操作體驗 \r\n\r\nEVO 3 A1在設計之初，\r\n \r\n就盡可能的以接近真槍操作體驗為出發點，\r\n \r\n不管是在重量、尺寸、刻字及操作特點上，\r\n \r\n都已經接近符合真槍使用上的感受，\r\n \r\n另外在彈匣無彈即刻斷電，\r\n \r\n重新上彈後需拉槍機拉柄上膛等真槍使用方式，\r\n \r\n相信都可以帶給各位精緻的擬真操作感受。', '總長：623/425 公厘', '重量：2400 克', '馬達：25000rpm 橘強磁長軸 ', '內管長度：208 公厘', '黑色', '長槍-VFC-MK12-電動槍-01', '長槍-VFC-MK12-電動槍-02', '長槍-VFC-MK12-電動槍-03', '長槍-VFC-MK12-電動槍-04', 6, 26, '0000-00-00 00:00:00', '', 0, '', '', '', 0, '', '', '', NULL, NULL, NULL, NULL, NULL),
(133, 1, '5.11-XPRT-戰術長褲', 1299, '9 盎司吸濕排汗彈尼龍製成\r\n\r\n保證了絕佳的透氣性和活動自由\r\n\r\n袖子和腋下由帶孔紡紗羅布料，增強透氣性\r\n\r\n袖子上有加寬筆袋，兩個前胸口袋\r\n\r\n主要壓力點加固設計，RAPI Draw™ 系列方便取物門襟設計，方便拿取物品', 'wicking action', 'Improved ventilation and mobility', 'Dual chest patch pockets', 'Moisture wicking action', '叢林迷彩', '5.11-XPRT-戰術長褲-多地形迷彩-01', '5.11-XPRT-戰術長褲-多地形迷彩-02', '5.11-XPRT-戰術長褲-多地形迷彩-03', '5.11-XPRT-戰術長褲-多地形迷彩-04', 6, 26, '0000-00-00 00:00:00', '', 0, '', '', '', 0, '', '', '', NULL, NULL, NULL, NULL, NULL),
(134, 1, 'ess 護目鏡', 2450, '符合人體工學\r\n\r\n背心本體正背面，完全模組化設計', '尺寸：18', '重量：235 g', '材質:混和工程塑料', 'Made in Taiwan', '沙色', 'ess 護目鏡-沙色01', 'ess 護目鏡-沙色02', 'ess 護目鏡-沙色03', 'ess 護目鏡-沙色04', 6, 26, '0000-00-00 00:00:00', '', 0, '', '', '', 0, '', '', '', NULL, NULL, NULL, NULL, NULL),
(135, 1, 'ess crossbow 護目鏡', 1820, '符合人體工學\r\n\r\n使用特殊尼龍材質，舒適、透氣，微彈性、不緊繃\r\n\r\n掌心EVA&複合材料，保護掌心\r\n\r\n指間觸屏設計，可使用任何觸控設備\r\n\r\n手腕處設有魔鬼氈，可調整鬆緊，不脫落', '尺寸：18', '重量：235 g', '材質:混和工程塑料', 'Made in Taiwan', '黑色', 'ess crossbow 護目鏡-黑色01', 'ess crossbow 護目鏡-黑色02', 'ess crossbow 護目鏡-黑色03', 'ess crossbow 護目鏡-黑色04', 6, 26, '0000-00-00 00:00:00', '', 0, '', '', '', 0, '', '', '', NULL, NULL, NULL, NULL, NULL),
(136, 1, '短槍-VFC-M9貝瑞塔', 3600, '導入3D列印技術打造的槍身\r\n\r\n突破以往工業量產的作法\r\n\r\n使用積層堆疊的方式\r\n\r\n讓槍身一體成型\r\n\r\n符合工學的流線槍體\r\n\r\n運用新的製程', '尺寸：145 x 205 mm', '重量：2428 g', '14mm 逆牙轉接頭 x1', '重量：832 g', '黑色', '短槍-VFC-M9貝瑞塔-01', '短槍-VFC-M9貝瑞塔-02', '短槍-VFC-M9貝瑞塔-03', '短槍-VFC-M9貝瑞塔-04', 6, 26, '0000-00-00 00:00:00', '', 0, '', '', '', 0, '', '', '', NULL, NULL, NULL, NULL, NULL),
(137, 1, 'Howard Leight 防護隔音無線電耳機', 6800, '安全防護第一選擇', '尺寸：頭圍58-60合適', '重量：950 g', 'Made in Taiwan', '材質:混和工程塑料', '綠色', 'Howard Leight 防護隔音無線電耳機-綠色01', 'Howard Leight 防護隔音無線電耳機-綠色02', 'Howard Leight 防護隔音無線電耳機-綠色03', 'Howard Leight 防護隔音無線電耳機-綠色04', 6, 26, '0000-00-00 00:00:00', '', 0, '', '', '', 0, '', '', '', NULL, NULL, NULL, NULL, NULL),
(138, 1, '美國海軍海豹部隊-叢林迷彩', 1299, '9 盎司吸濕排汗彈尼龍製成\r\n\r\n保證了絕佳的透氣性和活動自由\r\n\r\n袖子和腋下由帶孔紡紗羅布料，增強透氣性\r\n\r\n袖子上有加寬筆袋，兩個前胸口袋\r\n\r\n主要壓力點加固設計，RAPI Draw™ 系列方便取物門襟設計，方便拿取物品', 'wicking action', 'Improved ventilation and mobility', 'Dual chest patch pockets', 'Moisture wicking action', '叢林迷彩', '美國海軍海豹部隊-公發-叢林迷彩-01', '美國海軍海豹部隊-公發-叢林迷彩-02', '美國海軍海豹部隊-公發-叢林迷彩-03', '美國海軍海豹部隊-公發-叢林迷彩-04', 6, 26, '0000-00-00 00:00:00', '', 0, '', '', '', 0, '', '', '', NULL, NULL, NULL, NULL, NULL),
(139, 1, '美軍戰術背心-叢林迷彩', 2450, '採用新款杜邦/DuPont 500-Denier CORDURA\r\n\r\n100% 杜邦/DuPont Cordura(R)製作，兼具輕量舒適與耐用性 \r\n\r\n採用進口 ITW Nexus(R) 扣具與DOT (Pull the dot)單向釦，與實物裝備同步\r\n\r\n特殊材質防滑墊肩、護領及左右護肩可拆卸\r\n\r\n背心本體正背面，完全模組化設計', '一個M16步槍雙彈匣袋', '一個MP5彈匣袋', '一組震撼彈袋', '一個小雜物包', '叢林迷彩', '戰術背心-美軍戰術背心-叢林迷彩-01', '戰術背心-美軍戰術背心-叢林迷彩-02', '戰術背心-美軍戰術背心-叢林迷彩-03', '戰術背心-美軍戰術背心-叢林迷彩-04', 6, 26, '0000-00-00 00:00:00', '', 0, '', '', '', 0, '', '', '', NULL, NULL, NULL, NULL, NULL);
INSERT INTO `products` (`sid`, `type`, `name`, `price`, `intorduction`, `description_1`, `description_2`, `description_3`, `description_4`, `description_5`, `head_image`, `image_1`, `image_2`, `image_3`, `category_sid`, `gun_sid`, `date`, `ground`, `game_qty`, `mode`, `mode2`, `people`, `now_people_qty`, `host`, `equip_limit`, `active_note`, `activated`, `join_members_sid`, `members_sid`, `team_sid`, `created_at`) VALUES
(140, 1, 'OneTigris MICH ACH 戰術頭盔', 4100, '安全防護第一選擇', '尺寸：頭圍58-60合適\r\n', '重量：950 g', 'Made in Taiwan', '材質:混和工程塑料', '黑色', 'OneTigris MICH 2000 版本 ACH 戰術頭盔-黑色01', 'OneTigris MICH 2000 版本 ACH 戰術頭盔-黑色02', 'OneTigris MICH 2000 版本 ACH 戰術頭盔-黑色03', 'OneTigris MICH 2000 版本 ACH 戰術頭盔-黑色04', 6, 27, '0000-00-00 00:00:00', '', 0, '', '', '', 0, '', '', '', NULL, NULL, NULL, NULL, NULL),
(141, 1, '5.11-CALDUS-戰術手套', 1980, '凹凸橡膠保護主關節，符合人體工學\r\n\r\n使用特殊尼龍材質，舒適、透氣，微彈性、不緊繃\r\n\r\n掌心EVA&複合材料，保護掌心\r\n\r\n指間觸屏設計，可使用任何觸控設備\r\n\r\n手腕處設有魔鬼氈，可調整鬆緊，不脫落', '尺寸：掌圍18~22', '重量：50 g', 'Made in Taiwan', '材質:混和工程塑料', '黑色', '5.11-CALDUS-戰術手套-黑色-01', '5.11-CALDUS-戰術手套-黑色-02', '5.11-CALDUS-戰術手套-黑色-03', '5.11-CALDUS-戰術手套-黑色-04', 6, 27, '0000-00-00 00:00:00', '', 0, '', '', '', 0, '', '', '', NULL, NULL, NULL, NULL, NULL),
(142, 1, '5.11-POLO-短袖', 1390, '9 盎司吸濕排汗彈尼龍製成\r\n\r\n保證了絕佳的透氣性和活動自由\r\n\r\n袖子和腋下由帶孔紡紗羅布料，增強透氣性\r\n\r\n袖子上有加寬筆袋，兩個前胸口袋\r\n\r\n主要壓力點加固設計，RAPI Draw™ 系列方便取物門襟設計，方便拿取物品', 'Improved ventilation and mobility', 'Moisture wicking action', 'Extra wide pen pockets on each sleeve', 'Dual chest patch pockets', '白色', '5.11-POLO-短袖-白色-01', '5.11-POLO-短袖-白色-02', '5.11-POLO-短袖-白色-03', '5.11-POLO-短袖-白色-04', 6, 27, '0000-00-00 00:00:00', '', 0, '', '', '', 0, '', '', '', NULL, NULL, NULL, NULL, NULL),
(143, 1, '戰術背心-民用戰術背心', 3150, '100% 杜邦/DuPont Cordura(R)製作，兼具輕量舒適與耐用性!\r\n\r\n採用進口 ITW Nexus(R) 扣具與 Stimpson(R) 銅扣，與美軍一線裝備同步\r\n\r\n完全模組化設計，相容於各型 MOD 戰術背心模組彈袋、雜物包', 'M16步槍雙彈匣袋 x4', 'M249 200連彈袋 x1', '戰術突擊背包 x1', '材質：杜邦/DuPont 1000-Denier CORDURA®', '黑色', '戰術背心-民用戰術背心-黑色-01', '戰術背心-民用戰術背心-黑色-02', '戰術背心-民用戰術背心-黑色-03', '戰術背心-民用戰術背心-黑色-04', 6, 27, '0000-00-00 00:00:00', '', 0, '', '', '', 0, '', '', '', NULL, NULL, NULL, NULL, NULL),
(144, 1, '5.11-工作長褲-多地形迷彩', 1920, '符合亞洲人身材緊致剪裁設計\r\n\r\nYKK 銅扣拉鍊\r\n\r\n舒適合身彈性腰頭設計\r\n\r\n膝部立體剪裁\r\n\r\n傾斜式魔鬼氈上蓋，左右褲管兩個大腿側袋\r\n\r\n大腿側袋旁兩個加大尺寸貼袋可放進五吋手機', '材質: 6.5盎司 ', 'TeflonR 塗層聚酯纖維棉格子紋布', 'YKK 銅扣拉鍊', '膝部立體剪裁', '白色與沙色\r\n', '5.11-工作長褲-多地形迷彩-01', '5.11-工作長褲-多地形迷彩-02', '5.11-工作長褲-多地形迷彩-03', '5.11-工作長褲-多地形迷彩-04', 6, 27, '0000-00-00 00:00:00', '', 0, '', '', '', 0, '', '', '', NULL, NULL, NULL, NULL, NULL),
(145, 1, 'Mardingtop 軍事戰術背包', 1280, 'CP多地型迷彩~戰術特務包\r\n\r\n~輕便包款~\r\n\r\n設有 2個魔鬼氈收納袋，\r\n\r\n內側大置物袋設有 2個安全收納袋 及 固定彈匣鬆緊帶。', '尺寸：42 x 30 x 11 cm', '重量：500 g', '材質:混和工程塑料', 'Made in Taiwan', '黑色', 'Mardingtop 軍事戰術背包-黑色-01', 'Mardingtop 軍事戰術背包-黑色-02', 'Mardingtop 軍事戰術背包-黑色-03', 'Mardingtop 軍事戰術背包-黑色-04', 6, 27, '0000-00-00 00:00:00', '', 0, '', '', '', 0, '', '', '', NULL, NULL, NULL, NULL, NULL),
(146, 1, '長槍-KWA-RIS-M4A1', 6980, '司牙(活塞卡榫) 免工具快壓快裝設計，讓氣筒更換方便又快速！\r\n\r\n 可快速抽換 瓦斯 & 空氣 動力氣筒，讓使用者隨心所欲更換初速與動力。\r\n\r\n木紋塑膠槍托，在重量極輕的狀況又能保有木紋的質感，再讓外觀提升至另一境界。', '填彈器', '說明書', '紅外線瞄準', '射速:1390m', '黑色', '長槍-KWA-RIS-M4A1-瓦斯槍-01', '長槍-KWA-RIS-M4A1-瓦斯槍-02', '長槍-KWA-RIS-M4A1-瓦斯槍-03', '長槍-KWA-RIS-M4A1-瓦斯槍-04', 6, 27, '0000-00-00 00:00:00', '', 0, '', '', '', 0, '', '', '', NULL, NULL, NULL, NULL, NULL),
(147, 1, '長槍-A_K-M249輕機槍', 2500, '超高連發射速，壓制敵人首選 !!\r\n\r\n可折後托~靈活~短巧!!\r\n\r\nCQB 利器\r\n\r\n生存近戰接敵~攻堅~最新利器!!\r\n\r\n仿真可動槍機~超有feel喔~\r\n\r\n單發連發 自由切換', '尺寸：28 cm x 15 cm', '總長：452 mm', '重量： 1.2 kg', '裝彈數：120 發', '黑色', '長槍-A_K-M249輕機槍-電動槍-01', '長槍-A_K-M249輕機槍-電動槍-02', '長槍-A_K-M249輕機槍-電動槍-03', '長槍-A_K-M249輕機槍-電動槍-04', 6, 27, '0000-00-00 00:00:00', '', 0, '', '', '', 0, '', '', '', NULL, NULL, NULL, NULL, NULL),
(148, 1, 'Condor 戰術鴨舌帽', 3600, '安全防護第一選擇', '尺寸：頭圍58-60合適', '重量：120 g', '材質:混和工程塑料', 'Made in Taiwan', '草綠色', 'Condor 戰術鴨舌帽-草綠色01', 'Condor 戰術鴨舌帽-草綠色02', 'Condor 戰術鴨舌帽-草綠色03', 'Condor 戰術鴨舌帽-草綠色04', 6, 27, '0000-00-00 00:00:00', '', 0, '', '', '', 0, '', '', '', NULL, NULL, NULL, NULL, NULL),
(149, 1, '短槍-KWA-Glock19手槍', 3600, '導入3D列印技術打造的槍身\r\n\r\n突破以往工業量產的作法\r\n\r\n使用積層堆疊的方式\r\n\r\n讓槍身一體成型\r\n\r\n符合工學的流線槍體\r\n\r\n運用新的製程', '尺寸：145 x 205 mm', '重量：2428 g', '14mm 逆牙轉接頭 x1', '重量：832 g', '黑色', '短槍-KWA-Glock19手槍-瓦斯槍-01', '短槍-KWA-Glock19手槍-瓦斯槍-02', '短槍-KWA-Glock19手槍-瓦斯槍-03', '短槍-KWA-Glock19手槍-瓦斯槍-04', 6, 27, '0000-00-00 00:00:00', '', 0, '', '', '', 0, '', '', '', NULL, NULL, NULL, NULL, NULL),
(150, 1, '5.11-CALDUS-戰術手套', 1980, '凹凸橡膠保護主關節，符合人體工學\r\n\r\n使用特殊尼龍材質，舒適、透氣，微彈性、不緊繃\r\n\r\n掌心EVA&複合材料，保護掌心\r\n\r\n指間觸屏設計，可使用任何觸控設備\r\n\r\n手腕處設有魔鬼氈，可調整鬆緊，不脫落', '尺寸：掌圍18~22', '重量：50 g', 'Made in Taiwan', '材質:混和工程塑料', '黑色', '5.11-CALDUS-戰術手套-黑色-01', '5.11-CALDUS-戰術手套-黑色-02', '5.11-CALDUS-戰術手套-黑色-03', '5.11-CALDUS-戰術手套-黑色-04', 6, 28, '0000-00-00 00:00:00', '', 0, '', '', '', 0, '', '', '', NULL, NULL, NULL, NULL, NULL),
(151, 1, '多地形迷彩-戰鬥夾克', 1299, '9 盎司吸濕排汗彈尼龍製成\r\n\r\n保證了絕佳的透氣性和活動自由\r\n\r\n袖子和腋下由帶孔紡紗羅布料，增強透氣性\r\n\r\n袖子上有加寬筆袋，兩個前胸口袋\r\n\r\n主要壓力點加固設計，RAPI Draw™ 系列方便取物門襟設計，方便拿取物品', 'wicking action', 'Improved ventilation and mobility', 'Dual chest patch pockets', 'Moisture wicking action', '叢林迷彩', '英國陸軍-公發-多地形迷彩-戰鬥夾克-British Army - MTP COMBAT SHIRT JACKET-01', '英國陸軍-公發-多地形迷彩-戰鬥夾克-British Army - MTP COMBAT SHIRT JACKET-02', '英國陸軍-公發-多地形迷彩-戰鬥夾克-British Army - MTP COMBAT SHIRT JACKET-03', '英國陸軍-公發-多地形迷彩-戰鬥夾克-British Army - MTP COMBAT SHIRT JACKET-04', 6, 28, '0000-00-00 00:00:00', '', 0, '', '', '', 0, '', '', '', NULL, NULL, NULL, NULL, NULL),
(152, 1, '戰術背心-英軍戰術背心', 5900, '100% 杜邦/DuPont Cordura(R)製作，兼具輕量舒適與耐用性!\r\n\r\n採用進口 ITW Nexus(R) 扣具與 Stimpson(R) 銅扣，與美軍一線裝備同步\r\n\r\n完全模組化設計，相容於各型 MOD 戰術背心模組彈袋、雜物包', 'M16步槍雙彈匣袋 x4', 'M249 200連彈袋 x1', '戰術突擊背包 x1', '材質：杜邦/DuPont 1000-Denier CORDURA®', '沙色', '戰術背心-英軍戰術背心-沙色-01', '戰術背心-英軍戰術背心-沙色-02', '戰術背心-英軍戰術背心-沙色-03', '戰術背心-英軍戰術背心-沙色-04', 6, 28, '0000-00-00 00:00:00', '', 0, '', '', '', 0, '', '', '', NULL, NULL, NULL, NULL, NULL),
(153, 1, 'Direct Action 戰術匿蹤背包', 550, '上方 設有 1個拉鍊收納袋，\r\n\r\n前方 也設有 1個 隱藏式模鬼氈口袋& 2個網袋。\r\n\r\n\r\n背包可完全展開，全開為向上開啟，\r\n\r\n內部設有 1個鬆緊安全袋。\r\n\r\n\r\n可調式 背帶 & 快拆式固定腰帶，\r\n\r\n並再多處設有 Molle系統 可隨意配置戰術配件。\r\n\r\n背包背面加強增厚緩衝墊，背起來更舒適！', '尺寸：50 x 23', '重量：150 g', 'Made in Taiwan', '材質:混和工程塑料', '沙色迷彩', 'Direct Action 戰術匿蹤背包-沙漠迷彩-01', 'Direct Action 戰術匿蹤背包-沙漠迷彩-02', 'Direct Action 戰術匿蹤背包-沙漠迷彩-03', 'Direct Action 戰術匿蹤背包-沙漠迷彩-04', 6, 28, '0000-00-00 00:00:00', '', 0, '', '', '', 0, '', '', '', NULL, NULL, NULL, NULL, NULL),
(154, 1, 'ess crossbow 護目鏡', 1820, '符合人體工學\r\n\r\n使用特殊尼龍材質，舒適、透氣，微彈性、不緊繃\r\n\r\n掌心EVA&複合材料，保護掌心\r\n\r\n指間觸屏設計，可使用任何觸控設備\r\n\r\n手腕處設有魔鬼氈，可調整鬆緊，不脫落', '尺寸：18', '重量：235 g', '材質:混和工程塑料', 'Made in Taiwan', '黑色', 'ess crossbow 護目鏡-黑色01', 'ess crossbow 護目鏡-黑色02', 'ess crossbow 護目鏡-黑色03', 'ess crossbow 護目鏡-黑色04', 6, 28, '0000-00-00 00:00:00', '', 0, '', '', '', 0, '', '', '', NULL, NULL, NULL, NULL, NULL),
(155, 1, 'Howard Leight 防護隔音無線電耳機', 6800, '安全防護第一選擇', '尺寸：頭圍58-60合適', '重量：950 g', 'Made in Taiwan', '材質:混和工程塑料', '綠色', 'Howard Leight 防護隔音無線電耳機-綠色01', 'Howard Leight 防護隔音無線電耳機-綠色02', 'Howard Leight 防護隔音無線電耳機-綠色03', 'Howard Leight 防護隔音無線電耳機-綠色04', 6, 28, '0000-00-00 00:00:00', '', 0, '', '', '', 0, '', '', '', NULL, NULL, NULL, NULL, NULL),
(156, 1, 'MK6-英軍制式頭盔', 4100, '安全防護第一選擇', '尺寸：頭圍58-60合適\r\n', '重量：950 g', 'Made in Taiwan', '材質:混和工程塑料', '灰色', 'MK6-英軍制式頭盔', 'MK6-英軍制式頭盔-2', 'MK6-英軍制式頭盔-3', 'MK6-英軍制式頭盔-4', 6, 28, '0000-00-00 00:00:00', '', 0, '', '', '', 0, '', '', '', NULL, NULL, NULL, NULL, NULL),
(157, 1, '長槍-KOER-M1014霰彈槍', 11500, '擬真操作體驗 \r\n\r\nEVO 3 A1在設計之初，\r\n \r\n就盡可能的以接近真槍操作體驗為出發點，\r\n \r\n不管是在重量、尺寸、刻字及操作特點上，\r\n \r\n都已經接近符合真槍使用上的感受，\r\n \r\n另外在彈匣無彈即刻斷電，\r\n \r\n重新上彈後需拉槍機拉柄上膛等真槍使用方式，\r\n \r\n相信都可以帶給各位精緻的擬真操作感受。', '總長：623/425 公厘', '重量：2400 克', '馬達：25000rpm 橘強磁長軸 ', '內管長度：208 公厘', '黑色', '長槍-KOER-M1014霰彈槍-01', '長槍-KOER-M1014霰彈槍-02', '長槍-KOER-M1014霰彈槍-03', '長槍-KOER-M1014霰彈槍-04', 6, 28, '0000-00-00 00:00:00', '', 0, '', '', '', 0, '', '', '', NULL, NULL, NULL, NULL, NULL),
(158, 1, '長槍-L85A2-', 6980, '司牙(活塞卡榫) 免工具快壓快裝設計，讓氣筒更換方便又快速！\r\n\r\n 可快速抽換 瓦斯 & 空氣 動力氣筒，讓使用者隨心所欲更換初速與動力。\r\n\r\n木紋塑膠槍托，在重量極輕的狀況又能保有木紋的質感，再讓外觀提升至另一境界。', '填彈器', '說明書', '紅外線瞄準', '射速:1390m', '黑色', '長槍-L85A2-瓦斯槍-01', '長槍-L85A2-瓦斯槍-02', '長槍-L85A2-瓦斯槍-03', '長槍-L85A2-瓦斯槍-04', 6, 28, '0000-00-00 00:00:00', '', 0, '', '', '', 0, '', '', '', NULL, NULL, NULL, NULL, NULL),
(159, 1, '短槍-WE P226手槍-01', 3600, '導入3D列印技術打造的槍身\r\n\r\n突破以往工業量產的作法\r\n\r\n使用積層堆疊的方式\r\n\r\n讓槍身一體成型\r\n\r\n符合工學的流線槍體\r\n\r\n運用新的製程', '尺寸：145 x 205 mm', '重量：2428 g', '14mm 逆牙轉接頭 x1', '重量：832 g', '黑色', '短槍-WE P226手槍-01', '短槍-WE P226手槍-02', '短槍-WE P226手槍-03', '短槍-WE P226手槍-04', 6, 28, '0000-00-00 00:00:00', '', 0, '', '', '', 0, '', '', '', NULL, NULL, NULL, NULL, NULL),
(160, 1, '英國陸軍-長褲', 1299, '9 盎司吸濕排汗彈尼龍製成\r\n\r\n保證了絕佳的透氣性和活動自由\r\n\r\n袖子和腋下由帶孔紡紗羅布料，增強透氣性\r\n\r\n袖子上有加寬筆袋，兩個前胸口袋\r\n\r\n主要壓力點加固設計，RAPI Draw™ 系列方便取物門襟設計，方便拿取物品', 'wicking action', 'Improved ventilation and mobility', 'Dual chest patch pockets', 'Moisture wicking action', '叢林迷彩', '英國陸軍-公發-多地形迷彩-長褲BRITISH ARMY ISSUE TROUSERS GENUINE MTP-01', '英國陸軍-公發-多地形迷彩-長褲BRITISH ARMY ISSUE TROUSERS GENUINE MTP-02', '英國陸軍-公發-多地形迷彩-長褲BRITISH ARMY ISSUE TROUSERS GENUINE MTP-03', '英國陸軍-公發-多地形迷彩-長褲BRITISH ARMY ISSUE TROUSERS GENUINE MTP-04', 6, 28, '0000-00-00 00:00:00', '', 0, '', '', '', 0, '', '', '', NULL, NULL, NULL, NULL, NULL);

-- --------------------------------------------------------

--
-- 資料表結構 `team`
--

CREATE TABLE `team` (
  `sid` int(11) NOT NULL,
  `name` varchar(255) NOT NULL,
  `code` varchar(255) NOT NULL,
  `public` enum('private','public') NOT NULL,
  `image` varchar(255) NOT NULL,
  `bg_image` varchar(255) NOT NULL,
  `color` varchar(255) DEFAULT NULL,
  `intorduction` varchar(255) NOT NULL,
  `motto` varchar(255) NOT NULL,
  `win` varchar(255) DEFAULT NULL,
  `lose` varchar(255) DEFAULT NULL,
  `created_at` datetime DEFAULT NULL,
  `leader_sid` int(11) DEFAULT NULL,
  `members_qty` int(11) DEFAULT NULL
) ENGINE=InnoDB DEFAULT CHARSET=utf8;

--
-- 資料表的匯出資料 `team`
--

INSERT INTO `team` (`sid`, `name`, `code`, `public`, `image`, `bg_image`, `color`, `intorduction`, `motto`, `win`, `lose`, `created_at`, `leader_sid`, `members_qty`) VALUES
(1, 'Frontline', 'M148', 'public', 'Frontline_M148.png', 'Frontline_bg_M148.png', 'rgba(15,65,90,.2)', '歡迎在資策會學習的同學一起加入，不管是程式高手、美術高手、遊戲高手，只要在資策會學習生活覺得每天打程式太煩悶，請加入我們，一起給無比的刺激與滿滿的大前線！', '請用in put造句。南無觀世in put薩。', '5', '2', '2017-01-18 09:40:21', 1, 5),
(2, '豹打常威', 'A745', 'public', '豹打常威_A745.png', '豹打常威_bg_A745.png', 'rgba(102,204,255,.2)', '二少奶奶說她喜歡我，\n          她說我有文才，她還送了一首詩給我，\n          我帶來了，大人，我念給你聽。金鳳玉露一相逢，更勝卻人間無數。\n          兩情若是久長時，又豈在朝朝暮暮。 歡迎有才華之人加入!', '來人阿!餵公子吃餅', '1', '5', '2016-07-15 22:45:46', 6, 5),
(3, '破壞之王', 'E468', 'public', '破壞之王_E468.png', '破壞之王_bg_E468.png', 'rgba(0,110,64,.2)', '我認為，空手道是世界上最強的武術了。\n所以我覺得精英中心裡面，應該就只有空手道的存在，其他應該廢除，我不是針對你，我是說在座的各位－都是垃圾', '因為我只會訓練精英，絕對不會接受垃圾…', '10', '0', '2016-01-26 04:18:05', 29, 5),
(4, '血盟騎士團', 'C876', 'public', '血盟騎士團_C876.png', '血盟騎士團_bg_C876.png', 'rgba(255,155,0,.2)', '中等規模組織，但裡面全都是高等級的強力劍士，而且統率他們的領袖，還是一個可以稱之為傳說的SAO最強的男人【神聖劍】希茲克利夫。副團長則是【閃光】亞絲娜。總部隨後也搬到第五十五層的「鐵之都」格朗薩姆市。', '幫我撐10秒!', '6', '2', '2016-07-14 15:23:48', 42, 5),
(5, '稚氣a寶', 'A987', 'public', '稚氣a寶_A987.png', '稚氣a寶_bg_A987.png', 'rgba(255,155,0,.2)', '歡迎加入我ㄇ的團ㄉ! 我ㄇ是一ㄍ小小的團ㄉ，實力ㄎ能ㄅ強，ㄉ是ㄉ家都ㄏ友善，歡迎ㄐ入我ㄇ!', '大家ㄏ!希望大家ㄎ以ㄉㄉㄐ入我ㄇㄉ小小團ㄉ!', '8', '7', '2016-05-30 06:35:26', 14, 9),
(6, '台北暗殺星', 'T713', 'private', '台北暗殺星_T713.jpg', '台北暗殺星_bg_T713.png', 'rgba(255,155,0,.2)', '我們曾在2012年10月14日在美國洛杉磯舉辦的LOL第二季決賽中獲得冠軍，過去的榮耀如今成為過往，現在我們決定捲土重來在生存遊戲界再拿一次冠軍，懷念當初的感動嗎?現在還來的及一起成為我們的一員吧!', '世界冠軍捲土重來!', '8', '5', '2017-01-07 11:26:36', NULL, 23),
(7, 'Sky Fighter', 'S548', 'private', 'Sky Fighter_S548.jpg', 'Sky Fighter_bg_S548.png', 'rgba(255,155,0,.2)', '所向無敵的生存遊戲天團 Sky Fighter，在光榮新村一戰之後融合戰場上老兵的觀念，使我們更加堅強有實力，所向無敵 Fighter! Fighter! Fighter!', '生存遊戲就是我們的全部，在這裡才能用實力掌控一切。', '5', '4', '2017-02-06 16:31:19', NULL, 11),
(8, '邊緣人', 'R020', 'public', '邊緣人_R020.jpg', '邊緣人_bg_R020.png', 'rgba(15,65,90,.2)', '如果你沒有朋友歡迎加入我們，因為我們也沒有朋友，至少大家在戰場上可以一起躲在牆角混分，非常歡迎沒有朋友的人一起加入我們，讓我們在戰場上與孤獨戰鬥。', '醒醒吧!你才沒有妹妹!', '1', '1', '2017-02-22 17:36:23', 17, 17),
(9, 'MH49', 'M149', 'public', 'MH49_M149.jpg', 'MH49__bgM149.png', 'rgba(255,205,0,.2)', '123456', '', '23', '1', '2016-12-14 14:29:29', NULL, 9),
(10, '讓子彈飛一下', 'Z887', 'private', '讓子彈飛一下_Z887.jpg', '讓子彈飛一下_bg_Z887.png', 'rgba(0,110,64,.2)', '師爺你給我翻譯翻譯什麼他媽的叫加入我們!', '槍在手，跟我走!', '8', '6', '2016-11-17 14:38:33', NULL, 20);

--
-- 已匯出資料表的索引
--

--
-- 資料表索引 `activity_categories`
--
ALTER TABLE `activity_categories`
  ADD PRIMARY KEY (`sid`);

--
-- 資料表索引 `activity_selected`
--
ALTER TABLE `activity_selected`
  ADD PRIMARY KEY (`sid`);

--
-- 資料表索引 `categories`
--
ALTER TABLE `categories`
  ADD PRIMARY KEY (`sid`);

--
-- 資料表索引 `categories_chid`
--
ALTER TABLE `categories_chid`
  ADD PRIMARY KEY (`sid`);

--
-- 資料表索引 `check_form`
--
ALTER TABLE `check_form`
  ADD PRIMARY KEY (`sid`);

--
-- 資料表索引 `game`
--
ALTER TABLE `game`
  ADD PRIMARY KEY (`sid`);

--
-- 資料表索引 `images`
--
ALTER TABLE `images`
  ADD PRIMARY KEY (`sid`);

--
-- 資料表索引 `like_products`
--
ALTER TABLE `like_products`
  ADD PRIMARY KEY (`sid`);

--
-- 資料表索引 `members`
--
ALTER TABLE `members`
  ADD PRIMARY KEY (`sid`),
  ADD UNIQUE KEY `email` (`email`);

--
-- 資料表索引 `orders`
--
ALTER TABLE `orders`
  ADD PRIMARY KEY (`sid`);

--
-- 資料表索引 `order_details`
--
ALTER TABLE `order_details`
  ADD PRIMARY KEY (`sid`),
  ADD KEY `order_sid` (`order_sid`),
  ADD KEY `product_sid` (`product_sid`);

--
-- 資料表索引 `products`
--
ALTER TABLE `products`
  ADD PRIMARY KEY (`sid`);

--
-- 資料表索引 `team`
--
ALTER TABLE `team`
  ADD PRIMARY KEY (`sid`),
  ADD UNIQUE KEY `code` (`code`),
  ADD UNIQUE KEY `name` (`name`);

--
-- 在匯出的資料表使用 AUTO_INCREMENT
--

--
-- 使用資料表 AUTO_INCREMENT `activity_categories`
--
ALTER TABLE `activity_categories`
  MODIFY `sid` int(11) NOT NULL AUTO_INCREMENT, AUTO_INCREMENT=7;
--
-- 使用資料表 AUTO_INCREMENT `activity_selected`
--
ALTER TABLE `activity_selected`
  MODIFY `sid` int(11) NOT NULL AUTO_INCREMENT, AUTO_INCREMENT=12;
--
-- 使用資料表 AUTO_INCREMENT `categories`
--
ALTER TABLE `categories`
  MODIFY `sid` int(11) NOT NULL AUTO_INCREMENT, AUTO_INCREMENT=7;
--
-- 使用資料表 AUTO_INCREMENT `categories_chid`
--
ALTER TABLE `categories_chid`
  MODIFY `sid` int(11) NOT NULL AUTO_INCREMENT, AUTO_INCREMENT=33;
--
-- 使用資料表 AUTO_INCREMENT `check_form`
--
ALTER TABLE `check_form`
  MODIFY `sid` int(11) NOT NULL AUTO_INCREMENT, AUTO_INCREMENT=67;
--
-- 使用資料表 AUTO_INCREMENT `game`
--
ALTER TABLE `game`
  MODIFY `sid` int(11) NOT NULL AUTO_INCREMENT, AUTO_INCREMENT=7;
--
-- 使用資料表 AUTO_INCREMENT `images`
--
ALTER TABLE `images`
  MODIFY `sid` int(11) NOT NULL AUTO_INCREMENT;
--
-- 使用資料表 AUTO_INCREMENT `like_products`
--
ALTER TABLE `like_products`
  MODIFY `sid` int(11) NOT NULL AUTO_INCREMENT, AUTO_INCREMENT=360;
--
-- 使用資料表 AUTO_INCREMENT `members`
--
ALTER TABLE `members`
  MODIFY `sid` int(11) NOT NULL AUTO_INCREMENT, AUTO_INCREMENT=91;
--
-- 使用資料表 AUTO_INCREMENT `orders`
--
ALTER TABLE `orders`
  MODIFY `sid` int(11) NOT NULL AUTO_INCREMENT, AUTO_INCREMENT=64;
--
-- 使用資料表 AUTO_INCREMENT `order_details`
--
ALTER TABLE `order_details`
  MODIFY `sid` int(11) NOT NULL AUTO_INCREMENT, AUTO_INCREMENT=80;
--
-- 使用資料表 AUTO_INCREMENT `products`
--
ALTER TABLE `products`
  MODIFY `sid` int(11) NOT NULL AUTO_INCREMENT, AUTO_INCREMENT=161;
--
-- 使用資料表 AUTO_INCREMENT `team`
--
ALTER TABLE `team`
  MODIFY `sid` int(11) NOT NULL AUTO_INCREMENT, AUTO_INCREMENT=85;
/*!40101 SET CHARACTER_SET_CLIENT=@OLD_CHARACTER_SET_CLIENT */;
/*!40101 SET CHARACTER_SET_RESULTS=@OLD_CHARACTER_SET_RESULTS */;
/*!40101 SET COLLATION_CONNECTION=@OLD_COLLATION_CONNECTION */;
